report_no,year,country_iso3,doi,sha256
1999/047,1999,ABW,10.5089/9781451800029.002,267c439bcba05dbf000aac68ba13e01d02545f0af95c8036cb658889ae7c478d
1999/048,1999,TTO,10.5089/9781451837568.002,11c8c38186717a9685962faca50793ec166709917430577ed77609f174098e2a
1999/050,1999,ALB,10.5089/9781451800623.002,60101c82b5c9f4417d54c0990e9b20688ef44e4ba6e1c7bacce520174da135c8
1999/059,1999,EST,10.5089/9781451812336.002,17a91fc4032d86f9b0c55c964b9317dcfa57b2584fc57b819a78296be6d7251f
1999/060,1999,MLT,10.5089/9781451826562.002,616f6087cec3b01bf151bceb1c0e155561820cbacc766a71881341c50cd9ae03
1999/073,1999,LTU,10.5089/9781451823950.002,d7a70b7798e755588350410ae76892aafd5558f45bf9ac04eee69c8a1c6bf434
1999/076,1999,USA,10.5089/9781451839517.002,893b5eda89098646f9c3cef4e77e88d5ab23019605f9f454e8e50e5c1eddf61b
1999/077,1999,LVA,10.5089/9781451824421.002,8f2290e4bebd6411925cfcfa3eb038c541e3a2bf3eb9dda3efed951e44a66e01
1999/083,1999,JPN,10.5089/9781451820454.002,69bf592bb54974a292c7755efc7aa66888cef538edc7050bcbc388f8c0207a0d
1999/087,1999,IRL,10.5089/9781451818710.002,b3fbdea441d2addbfb53f405062ad3e42a1d33a8ddd29b5e87b535e360ab369d
1999/088,1999,DNK,10.5089/9781451811032.002,8b324c1c3ac106eb0d3a960f75037ef06ce2154428975da0c4b31b5a3f7cdeff
1999/089,1999,BHS,10.5089/9781451804645.002,f03379c5b494130ef3ae093c4d11c9762184d07a9386c90e25d85422ee78907e
1999/094,1999,SWE,,8eec395a988ac8e15a577c972e3d264fe3a88bdee27005c071385d1c8831fcc0
1999/103,1999,NZL,10.5089/9781451830156.002,e9e0eabd46439efe887b5c52c0ae2688d4613d2808106446b60c3f7dcc083c5f
1999/104,1999,TUN,10.5089/9781451837766.002,df234565047f41020726db8a4529c7e41d3d0871ac0c00b6a51fccaa1bc4fd5e
1999/105,1999,HTI,10.5089/9781451817539.002,b241966aebf39bf48ecf44e9394f49625629cea9846328b07269a809db9e0a6e
1999/121,1999,FIN,10.5089/9781451813142.002,53c477bfe992b54123c223e5e2509e923d9b70cbf04f71bd542a223037d8b282
1999/126,1999,NLD,10.5089/9781451829334.002,5f9f1738012a077fc6a92af38600416e2759cfcc0806d8d5e70adc31acc194af
1999/127,1999,FRA,10.5089/9781451813418.002,2048756e3de22cc83a2ebfed6ce98a125850f77b05851eb6880811221f2f8c86
1999/129,1999,DEU,10.5089/9781451810332.002,f14b1eaf71c67472de6876e90a685fb9317d9b21ba06f6d53dc651fa70c49bbb
1999/131,1999,GRC,10.5089/9781451922295.002,2d2052460fc991973e004d55ab61e64821aa772a059ab95012526086e7f0a9f7
1999/141,1999,VCT,10.5089/9781451839906.002,b524f1adda007f1792c9faf49bf0ae1b956f1a1660c8e4fe2ddf97cfbe1da879
1999/142,1999,BRB,10.5089/9781451805963.002,62bddfd627ef3bb93104438674d41160e768c912575889c2d373adb10f6402ea
1999/149,1999,COL,10.5089/9781451808797.002,a8357f523e60a065b93329ed09b09e788120daf4424f1284ef107c43629c2fe5
2000/008,2000,JAM,10.5089/9781451820072.002,81908ee0da80ad272b14decb1c870c2375df96e38f8f82f17ddf863af2b78d84
2000/016,2000,DMA,10.5089/9781451810769.002,c62ef4741d73724dac3cd4b7ca0e287c0e15b77b72ef52c372f6bef27004796e
2000/023,2000,CHE,10.5089/9781451807172.002,c1ff02a3af72aa5d52bf8ed6404742f9e6f3cc62356cdda15f870cf16493c9d4
2000/028,2000,HKG,10.5089/9781451935745.002,b34a7028210e3955823edbc8522b6cd3e49ca2cc03753f74d7500a3eb3e9623e
2000/031,2000,BEL,10.5089/9781451803099.002,dac5717f5765cc1e4f73a7a6691aca4c491ff04303c95ef9c703ef2e6107efd6
2000/032,2000,GBR,10.5089/9781451814095.002,11f63d1cdfe9ffe34dd77ce18230d9823a5f82cb8189ea66ec441550561826e1
2000/039,2000,NPL,10.5089/9781451829884.002,d59a0cdc1f651e89e81716b0c28dedcc3a9848fa21850d4e3ce06c2f014cd6a4
2000/040,2000,BOL,10.5089/9781451805710.002,b34ff5b4a7ee29f15d70ccf4163971e3e1cdd269759990c0474ff3e875b7d3b6
2000/041,2000,SVN,10.5089/9781451835625.002,3efb1bf546d542a7ada2af6ead76c3942c955a3e0f0bc0ec55849a949aeb5fa3
2000/045,2000,POL,10.5089/9781451831825.002,299f0df254a5bfc692a9890543338694e2bbef3a656efb730dd12ed62709b5e5
2000/052,2000,LBR,10.5089/9781451822823.002,ce89a8c578afbf3b14425198c22a968bab22443f7bebddf96a172f5f0b4a0e61
2000/053,2000,BGR,10.5089/9781451804348.002,1e34d6741210c56f43621dd299fb9ff8004886439423528f643693edf1dabb6e
2000/057,2000,ISR,10.5089/9781451819465.002,4d492e726faf5be17cea3da50006d9421dbd2eea25abe9aac37f2a95711c3b9b
2000/065,2000,LUX,10.5089/9781451824254.002,26c94b75dada69dc7962231b8c957162f71e021415df1fe6d4d0b1dd6926d66f
2000/066,2000,STP,10.5089/9781451834994.002,38e190e0bfb4a9b50c796e8c60d858caaa09393299082863d8d57a0630bcb3b0
2000/070,2000,SDN,10.5089/9781451833690.002,1b9889e76022cca4b94af32bff860a987ad4663920fa42f9b75e7d5b72e51ea9
2000/071,2000,ITA,10.5089/9781451819724.002,27dc63c13f3332abb7c64cf65b62b1965e4086bae2fc3e1c0ae6eefc65840136
2000/073,2000,NLD,10.5089/9781451829341.002,fe426edca8ccf43eae28c7698d39487bce61d699b5ddc379e19cb0baaaa1eef7
2000/074,2000,ALB,10.5089/9781451800630.002,0840f04cd96b9c12a0e6e94e87bf8055705bfc36f9eb4cb8301ebab9b88b8bd7
2000/076,2000,MKD,10.5089/9781451826036.002,803d799105d1a3a52f2a70a66b0c7d3c3952ac927fe06ff4cb69663df3ea2682
2000/085,2000,GRD,10.5089/9781451816389.002,8f7053e5150c411dc33e4cf6f3a25436c281e376b5f914e3e0b53d9de83386b4
2000/086,2000,BFA,10.5089/9781451803662.002,12e69fdd26b15f0004fdedfe6ebf05745710a58f6d57ebbdefac7a12000166df
2000/089,2000,USA,10.5089/9781451839524.002,036bed1c868b7751c421164079dd1a5e7c3e946dd2984a6f5b47ad72999e076a
2000/093,2000,DZA,10.5089/9781451811360.002,3bec927614726d71e3f1a38589aecf58357a2daa3ffdaf6a13ff81ab3a121384
2000/094,2000,CHL,10.5089/9781451807486.002,8a3b854df3209907171096cd099e95228ce5819ec90ab511a0a0f68c4a646e89
2000/095,2000,AUT,10.5089/9781451802269.002,a4ce02734e5173a1fd7d92e2d0b2923849d61219fa946222e222ecf62c6a23e6
2000/096,2000,CZE,10.5089/9781451810035.002,15f3c27521185ccd2955932c004c77ace09d21efa0d9b3c8359184b34eb0a231
2000/097,2000,IRL,10.5089/9781451818727.002,5cdcd6d00c564a03cf13ab85d253666389e406235d5a8e52918366a1c06105c0
2000/098,2000,JPN,10.5089/9781451820461.002,a6f512e3ef4232e367cf7ef50ede08199cc9eeb58a1b02052a8023a4f7625092
2000/110,2000,CYP,10.5089/9781451809800.002,5481d9d9046dd15fe7cf0a857f96d37d0b771bb733ff135d0bce6d09bd427a83
2000/118,2000,SWE,10.5089/9781451835878.002,05d076e9583cd97f0fa0c180dbef2cde8af802163357f2c2800216e8e1768ba9
2000/136,2000,PNG,10.5089/9781451831634.002,48b30942ddce3a17a528c3284dbd245bae5c4f410e3d37ba5a3d6c34d57b91ee
2000/138,2000,NZL,10.5089/9781451830163.002,22427b59e6cca56cf09507d2fc76ebc8aa4e3384e68ba2f00d9f366a080634c0
2000/141,2000,DEU,10.5089/9781451810349.002,ce13ba2130465029308632ab06dac7173ec60955553fcc1d68cc22fbad49f110
2000/145,2000,RUS,10.5089/9781451832983.002,ab671a39468e38b312d9a7cb0a36e1c5ad0fa139c1eba43f85be1f5efb6cbdd8
2000/149,2000,VCT,10.5089/9781451839913.002,ef389cd7815cc1835c8476cfcecfee763ec438235541593515e73ed5a064bc31
2000/152,2000,PRT,10.5089/9781451832136.002,d16cdd87eaf2eceacccdc916477f5e7f497d1d6dde746d948bf4c950ce1b8e91
2000/158,2000,BRB,10.5089/9781451805970.002,77d10b831cadbd7af5942de2b537c7200d688dd1a1c0595cb547d7cac9c50b1f
2000/159,2000,ROU,10.5089/9781451832709.002,e57b7524cbe3227a202a3c51be36bfd163c75ea25699a8dfed9262721cede269
2000/164,2000,ARG,10.5089/9781451801316.002,5a050e698e8c729df1f5b2aa823bf30632adf86ab2cb30d3e9c0f9272b8fb88a
2001/005,2001,ZWE,10.5089/9781451841428.002,53e6393e8d5fde6f53d0e587993cc57657c1d11dee7bc31686503b9dc7fb80fd
2001/006,2001,HTI,10.5089/9781451817546.002,f958991a30818788ea51f980fac8b021079050c8c6ba1d397562c745ec0c1b13
2001/009,2001,KNA,10.5089/9781451821949.002,4a27745f0ebd8ce428909a5b6c9df99fff74a5ea44d9ba10bf10b2f7656e7b51
2001/017,2001,MOZ,10.5089/9781451827064.002,25e5ffb7c5db57b3404993b8fdd19a39b5c6eea8b8349e5507d0d1b18629ad98
2001/033,2001,NOR,10.5089/9781451829679.002,727cae1bb303d8e9785e968ab5454e244892251fa6d7e4811ac8f742f99ac3df
2001/036,2001,TUN,10.5089/9781451837780.002,2168b03dc44f241885ce2d123555d90a086af29c05e3aab38f95f86c1e49bde0
2001/038,2001,MWI,10.5089/9781451827972.002,dbd10365973ff206ead7c2078538d41912803bfa84240f66d4c63c1b6cdcbe12
2001/039,2001,PAN,10.5089/9781451830828.002,b5a4ba926746d6c694ab7cf9ace60739da735f8abbd2451c67407dc3f41da6db
2001/042,2001,GBR,10.5089/9781451814101.002,5b21f00eef4741f8adff2dc1c97e92c10e3cecfeb4029e8ef12798cca183c05f
2001/043,2001,HKG,10.5089/9781451807752.002,905ef1124ec6d4f8db11993e371cb8f78e3ab75ef43a23b493ce172cbf9584e7
2001/044,2001,BEL,10.5089/9781451803105.002,abc18099dad62158ae85c87a8876281e366ed229d7aebfe101472c61e60844ca
2001/052,2001,GRC,10.5089/9781451816099.002,6f2d21cf537ff7175232ff836b0a56612fe5426c0f17825c08a398df1ba302b7
2001/053,2001,BGR,10.5089/9781451804355.002,f8a545f3e49a52a3bf7bea0cc52926ce4e96383d2106fe36fb68501ad84226cb
2001/071,2001,LKA,10.5089/9781451823462.002,ecfcfae6de6ae01be9db9332badd0eaa76af085e935717cd4b0ebe48f5d07c6a
2001/072,2001,ANT,10.5089/9781451800999.002,c7e46b44aa804b633e3c93c063ceb52cf4a21efbedc8408143c88cb970c2a6e0
2001/074,2001,CHE,10.5089/9781451807189.002,09d5f1ed54478270decd9a08059b872b10b3360b61d80b1c52fbe78a60ddff0d
2001/076,2001,SVN,10.5089/9781451835632.002,9233c5c2f75e330d49ab3058fea6321aba290e29b1732ebfdaa496ec10afc04f
2001/077,2001,MUS,10.5089/9781451827729.002,301df53edde8b175bb8c97830fcc3bf2c9a3fa07f2df893b824db12b69ec1fbe
2001/081,2001,ISL,10.5089/9781451819229.002,b62d11d28140d62e0f85007710c76f26ed6a5b38d901c1768c42017bb44e9e6e
2001/083,2001,JAM,10.5089/9781451820089.002,286fd73fdddc86ed6e355e3278aba28ad2f1846b04f4fc3b1e2b72af84b5c614
2001/086,2001,AUT,10.5089/9781451802276.002,e7dd4ad9c2c99af859c6a634d8db8244d19a9069b8dc8cadb1055cd261ac2489
2001/087,2001,PRY,10.5089/9781451832372.002,82777850792886d39ff16364b5961003d07727174e298f0880ac091c7c593d45
2001/092,2001,BOL,10.5089/9781451805727.002,5265e3d758c19db86640df083764ef0c0efb5ad5a73b1200eef29cb5194b4dc3
2001/094,2001,NLD,10.5089/9781451829358.002,e198a7ca43ac0c185d36e13423d1b41c4629f72eaf7dfb7dbb9e580494d2a91f
2001/121,2001,GRD,10.5089/9781451816396.002,c8e90c35fbe62c8812b43043dea29bd0e695b822063f7a94227ebe83d8d289d7
2001/127,2001,CMR,10.5089/9781451808032.002,43df84f7fb769e9a42e379fdd4ccf50f54f5cbe36abbdd53c90c051d690f5239
2001/135,2001,COM,10.5089/9781451809039.002,7543a7b24048687a2b7707f37623ab054bb3fd0c6f433e0feff94a067fcc5075
2001/139,2001,IRL,10.5089/9781451818734.002,72daf2f755232885edc740d9e425b0986f566e16533602c3434b3d540c3feb11
2001/162,2001,DZA,10.5089/9781451811377.002,f5254d867c8d367b85efbcb94d478705b87304e32576330ba99ffa7034e9509b
2001/166,2001,SWE,10.5089/9781451835939.002,318ccb6e72fce8d5875af54b8223dcea03f8c0ca57e39dcd1bf8468e83c71a51
2001/168,2001,CIV,10.5089/9781451807868.002,796399a8c599b8e57598615f0ddf1729c464fce0adafedfbc5782b38c0815a3b
2001/171,2001,NIC,10.5089/9781451829174.002,365409c073a11cc69a3bca762abe6f3e90530b76f62d4485f0b35c1816bdb3e8
2001/172,2001,NPL,10.5089/9781451829891.002,b0aea8e57c3e9ec8d0bec8cb40a1b3beaff96eeed66a29362519789fbc4092bf
2001/199,2001,FRA,10.5089/9781451813616.002,ca6c513e267ccde9c02a9c65f5d3e5dfcc04b34fd070ada75a8e1451f61f5d6e
2001/202,2001,DEU,10.5089/9781451810356.002,b06f8f09ab529456b5475210d04224e45e2c241b3a2d0920e314bf9eb9bf6035
2001/207,2001,ITA,10.5089/9781451819731.002,e900527e9f96340759a83c46f933e89bd4d3c6663198cd9fc421420c01bfa4d2
2001/212,2001,GEO,10.5089/9781451814521.002,b9c7f05266b4c632f472ffa10e80dea738ef97e6bd4e426e9d8e55ee6ef85e0b
2001/213,2001,FIN,10.5089/9781451813166.002,021306f7db8f9f264285d6e1a4aa24cb7576bf5ff7ff3c6e2527403074fba341
2001/223,2001,KGZ,10.5089/9781451821338.002,029ed5aed7231b3f4c2c747bc36fd4ed59d2cca907cd8a2e01194f344e15cdef
2001/225,2001,SMR,10.5089/9781451834826.002,ba418c948c4446b6eb4320794d22b1ff20fd06a763f7319f7d095e2308b27573
2002/004,2002,VNM,10.5089/9781451840186.002,b0b6e672e51b29916db958fcc84bee09a5048dc7729af5a28af4394f48e6bd31
2002/008,2002,LTU,10.5089/9781451823974.002,24c05b6c68511cc76e79b7ce3d94df995dd47779ba3d1ca3656472dddba5aa10
2002/013,2002,LCA,10.5089/9781451823165.002,56285857f9b00f95fff5fa3455b097e305fd1b618b415d2cb834323ce2201895
2002/017,2002,HTI,10.5089/9781451817553.002,bdfcba3f4b6111411aa5d4cd0950bf980969561595a2d73b7489030e80115fe4
2002/026,2002,VCT,10.5089/9781451839975.002,838f4280e7e4deb620cc8048e6158b6f86a6ef23a54f22d1d12bae3cd9f9f424
2002/029,2002,TCD,10.5089/9781451836424.002,78a2d62ab7d877dc023ea6f60e8b38e8845fa2ca1cae450de8ace0150b05e786
2002/030,2002,STP,10.5089/9781451835038.002,48a11d86577e8ecede53ef143d4ed05860a13ca645e127f2775b36c65a16803e
2002/050,2002,CAN,10.5089/9781451806885.002,5addc5a05c3782f02833b8424d7c8a626834bd63b16cc05542b4b9118606f116
2002/053,2002,ESP,10.5089/9781451812046.002,2159dd3ddb7b99d282ffd3a939b5a479a2d6bfcd4433d06ba2873df61f0dc9bc
2002/069,2002,PLW,10.5089/9781451831474.002,9d9b6128dbab37f77af3c88e84d83f1c45ee70a0460c3eb731ff408af9166f23
2002/088,2002,CRI,10.5089/9781451809602.002,b6ed9722ad807ec278b5ddfba753912e0acf7ebfb45ea0bd010513eed3c30b96
2002/090,2002,PRT,10.5089/9781451832143.002,4b9cf793f4a90b505c69eabf21d651083b438908378030d696f33d971908937a
2002/092,2002,BFA,10.5089/9781451803723.002,f23e36cfef7db9ce744204f15cce0c09c550c12843b064ac7d0f61205a0e53c1
2002/095,2002,GAB,10.5089/9781451813906.002,cbb4be5d2dc56f6439fbb85e9d9fa6d56a6a26d0d8b482518bbede4426c48c37
2002/101,2002,DNK,10.5089/9781451811049.002,54a2686e911973e8fa4c73b409eedf3a6a3d3b51695a3b2c79f628393e21c9a1
2002/106,2002,CHE,10.5089/9781451807196.002,938156cf5258a1aa1cdbbf4c8f0c77f0764c54fe9c64f67b6d03e18928b5f91b
2002/111,2002,HUN,10.5089/9781451817942.002,2c7318b0bfd523e72fba63da7f7ad86248c79d3fe404c240ab695634e2bade56
2002/113,2002,BGD,10.5089/9781451804065.002,1058e0743d14152960981987de5c825cb4cc8cfe3c3a03e934723a28439c9ad3
2002/118,2002,LUX,10.5089/9781451824339.002,d1be9478e7e4b4dffa5b608d20a9ad2bea73b410930148d16d9ce51f551b9d55
2002/125,2002,ZWE,10.5089/9781451841435.002,da5e81d17c8e5d3961b620c21cb51d957fb5e687cf14dcd54f86ad01230cc153
2002/127,2002,POL,10.5089/9781451831849.002,6312102e81accc2837d5dfd0801555a410afe0ff73054c1a029a0f380821f82a
2002/146,2002,UKR,10.5089/9781451838954.002,44ba8c67fa5d544e30ada1a7b99cfb4bbfac35080cd3d7c440f31c136615cd9d
2002/153,2002,GNB,10.5089/9781451815757.002,ddca3a8ac84fcbb72dd6bed55662754184b5f23977ed824d15cf8f4a05f4ca5c
2002/155,2002,CHL,10.5089/9781451807509.002,37e6f21039231f842c0711baf47b7c4b8d53879d915e5992998b0ed1c41c3435
2002/158,2002,BEN,10.5089/9781451803358.002,d9a85f3519188c5eec5a1a5727a5b80f98f8cfaca2ed0d3eb85d39593a7baeeb
2002/159,2002,SWE,10.5089/9781451835892.002,e1dc22765a242c21e67d8e57f1aa8976f2cba413e1642a8054ff7cdd0470b3d9
2002/166,2002,USA,10.5089/9781451839593.002,3b0ffab19e8995b3cf7f50b376b5557f33bd8f502b0dea65c6c09cee98999856
2002/170,2002,IRL,10.5089/9781451818741.002,8eee0dffac14e17a3fb0db5e2fa853dff28db76a39f51426fa36264e906bf967
2002/175,2002,JPN,10.5089/9781451820485.002,b68f2cd24ea26c11d152d04484df2ec3343bf5fef3b12a9e3af79a6ec885213c
2002/181,2002,MWI,10.5089/9781451827989.002,004c74f12337a27ff21ec142efcfbb29934c49fb1c2c779dc6da43f5c07502a2
2002/186,2002,FIN,10.5089/9781451813173.002,7343e41aada9571e79e5d34ed5310022118c9b2efb1bc12003d898054314d23c
2002/190,2002,MDA,10.5089/9781451824964.002,500fae5256595a2ec8665e8eb11733f85aef671557f453b2f099ea91f2c79db0
2002/197,2002,JAM,10.5089/9781451820096.002,abb68e8756faf8d47f08dcf0b4f030839bec204ad11d82a2c5c0a4aa558e54af
2002/199,2002,LKA,10.5089/9781451823509.002,4b03584b4355562e2093888cc1971a862423496566d0a7d136a193170109f380
2002/221,2002,LAO,10.5089/9781451822526.002,3eef77913587677d09bbd034cd44f43202e6e050665a2db09a3ea8e58e47f11f
2002/223,2002,DMA,10.5089/9781451810783.002,7e419c5f5aa23ed628d15af2139ed95ffba99d1ca5634fa5dc066c697b5bcbbc
2002/228,2002,ARM,10.5089/9781451801552.002,0704ff518f1b4cac72548d151ff12889b4e9cee4ba017b323182d63746a71bc9
2002/230,2002,ITA,10.5089/9781451819748.002,3f364864fc884ac971cb9292b23d19150c5e3cde1d31ed0259915020f32fe73c
2002/246,2004,PAK,10.5089/9781451830521.002,b45bc9e2ebfdf14fd9d0f908994d3e5c509670b966cb0cbaa5dc61db08ffb4ed
2002/258,2002,CMR,10.5089/9781451808100.002,5b83f1105ca726cdaaf8f3a11e7f3b6dcd46d78143608a33728f46bd33d2c78a
2002/263,2002,MRT,10.5089/9781451827477.002,08ca6072da8a91053e02ac3eab7624213f0452b7ffe70047ef2dc8ace68cf528
2003/006,2003,MDG,10.5089/9781451825268.002,a0bc0f64d09758f27131c19b7731d25b39484913f5f53598cca2c59753876317
2003/008,2003,FJI,10.5089/9781451813340.002,75f4718f354728ee24570149f31bc63b101ae33c38ebb57424f96c4ccfb10d2a
2003/010,2003,TJK,10.5089/9781451837001.002,0f1d7965f5b5c1b45a0ccb55115a71e310566cde89c6614b7bf174829bd893a7
2003/011,2003,ROU,10.5089/9781451832730.002,5da42c6cd5c5e0a809c997daf666b13f730748ab8c115530299bfd507387e40e
2003/023,2003,FSM,10.5089/9781451813777.002,9cdb40c34151f1f7dd5db531a42bfd14d0bf96862a59bcd6ef5955a4955814f0
2003/024,2003,NIC,10.5089/9781451829150.002,24a9653694a35ce2bd4e3d0b21db4542b7ccd5fc5989a9d515011470bd5c6c13
2003/025,2003,GRD,10.5089/9781451816402.002,dd67db5e3cc227bde98bdf9d0ab8b52726e27046f921bc9bca546501d08686e1
2003/028,2003,VCT,10.5089/9781451839937.002,e7d8743f4a464973a6fad29038952c769b1d15f91d0fd28171a7d5d74d8b55fb
2003/044,2003,BRB,10.5089/9781451806021.002,1bf2c93c9b5ddd9a4440f4c4f07bb7c06dee1c15f98c7cbb2d9a32696345d751
2003/051,2003,KGZ,10.5089/9781451821352.002,ef6152d9a8bfc74b75d54c751979b19053f96b9e6ea3212c12628d4abf3a2925
2003/066,2003,ARE,10.5089/9781451801101.002,79786ab9bd24ddde066be086fac1fe13e0f426144da4d175ab6d8b9f20c40676
2003/077,2003,NOR,10.5089/9781451829693.002,774bd84749f8ea4c1a437bd6d8fa869e313bc4e5ecaeea62445b3e7f0199f432
2003/079,2003,KOR,10.5089/9781451822076.002,92d7471413cc6cab2e0511780460153bda3069cac783e55c3d98b32f59d967e4
2003/083,2003,UGA,10.5089/9781451838657.002,c89e84ee6428eada494376f28236e83eabd2445034563671d8a7524481b3686c
2003/117,2003,BLR,10.5089/9781451805079.002,78f32e576d609410d3effbc9b13800341b55dd111b9373594a58b5d6bf69d60f
2003/144,2003,RUS,10.5089/9781451833010.002,9257e0f3ea21726af4d0268d74cf20cfc2addbe7fb1cdcd59c3a19441b2accf6
2003/160,2003,ANT,10.5089/9781451801026.002,db91725afc04f7b5be9457c6046163efe8511869775b51e5c1f12b9b259608cd
2003/161,2003,COD,10.5089/9781451841121.002,491629c2ed86d0589cbd118cd9f195717bc91e06482eba8c70995173a671a271
2003/172,2003,UKR,10.5089/9781451838961.002,67c5095af5911caf0dab2cb9d5c0819e32f4177bd8579b6e416bef34e276493e
2003/178,2003,PNG,10.5089/9781451831689.002,d43faf3109d35f6f53030d268f8959b0451810eaa218ddbe17dc8c7dc6e00802
2003/187,2003,POL,10.5089/9781451831856.002,f1fe2af027f3d6ebcf6a23b3ca060efd27992a834c073b79a60be24c65146d24
2003/195,2003,WSM,10.5089/9781451840674.002,f72b1338f64477544b9c31bb5f300dff83f37b757d73491663825f1273793d54
2003/197,2003,BFA,10.5089/9781451803693.002,0a972a9b912930a561383bc3100ddff2888473e70844e0dd7e43fc103a1d76b4
2003/205,2003,BGD,10.5089/9781451804140.002,1b809c9e49b5bbb8da547641b502e2dc79c894274e1b83617e17d7f1687e9a1f
2003/234,2003,SVK,10.5089/9781451835427.002,d08617ec0fbec0e3db76ef77092fe6b2b614eb0574be86f9fe88d11dc7149136
2003/239,2003,NLD,10.5089/9781451829372.002,7156d8a6d24dce7bbff722f9daa590140ca88a8dbcd93abf208f621ab455893b
2003/250,2003,GIN,10.5089/9781451815153.002,c2b162f5bdb5f2d4b08f2d73ea587f9b4081f663715b8195b6363ca28ceadd53
2003/274,2003,LBR,10.5089/9781451822809.002,e8fc417d6c28303e04497890762f0dea16a5688217042ac13ef99964e66bd2de
2003/279,2003,IRN,10.5089/9781451818949.002,b424bba03e366fe3c74bef77a0136a74ae4670d03323e5901473dea36ec598e8
2003/281,2003,JPN,10.5089/9781451820492.002,50b23d1e61363b2cf5ee216a89c6a7f2d8157050bc5c35e23e8d5db6d1a2c1fc
2003/303,2003,CHL,10.5089/9781451807561.002,1c0521709ca44bd2b6fb3e99273b11591da5f844531839c152a3e07e122259d3
2003/314,2003,MRT,10.5089/9781451827521.002,15092532466b78b6b9227f35b5dcb7fbe1e2e97aa898d552e3312632a97552b0
2003/319,2003,MUS,10.5089/9781451827743.002,a78e56947614ee5485df021136b40326342c2f0e038b33a971813b28fdbf7fb6
2003/330,2003,EST,10.5089/9781451812374.002,1913f20f21453990a3618d553e9ba4e1df8d061f63a9b88e51d7df5948049d99
2003/341,2003,DEU,10.5089/9781451810448.002,3d5c0b31a187b6dc8a0548255fe706906c1442b3f2c29908cc9e68f72af4c9f6
2003/351,2003,ITA,10.5089/9781451819755.002,29e874a3ddc2c63fc8455a6c8e71a96e02a1958528b9b2fbf1f8b1aaa92f1133
2003/356,2003,SUR,10.5089/9781451835243.002,94c4e94098ca198fd894d279d5f4d0f55e0ced411753e4034bd1ba2922b013b6
2003/383,2003,TGO,10.5089/9781451836578.002,7a63585293471af43ec90f18f4ab2542d0e3110ac47a17447b31399fcce56db8
2003/390,2003,SDN,10.5089/9781451833737.002,f24913ed99b835b52533e452c35fabe52132a0ddc7663b7f80d67695cb33c995
2003/391,2003,AFG,10.5089/9781451800173.002,fd2fe390671ed5a9ba79dfe478563d5dbe840cc84610349576a8a20a7178244f
2004/039,2004,MDA,10.5089/9781451824971.002,b31ed5057485bec0a519abc3c9e7a65f854503ea8bcfb34e378b62d89399855c
2004/042,2004,GMB,10.5089/9781451815429.002,6c6b21a3ee3e0c1f3a507f3159795dd18d0275ac30e7618f25f27d4aad0c8a27
2004/044,2004,KOR,10.5089/9781451822083.002,2f66c8f22ab4a04627c6a051f8f1d5f82d387e37ad50ca00b9b85ce7dd60e7d1
2004/047,2004,BEL,10.5089/9781451803136.002,6c89c8b923cd6c960307657f305b2aef79384d5d92b1da3dec7680af59fc0990
2004/061,2004,CAN,10.5089/9781451806960.002,1c83adef6e0972dc6cff10701a6a64c59d5ade7d9ca3fce2a858142b2631c362
2004/073,2004,DJI,10.5089/9781451810615.002,ba1aebb92ac667559a51e038f072aaa3917cd23d31909eaa0bd0dc3f658c3f8a
2004/076,2004,JAM,10.5089/9781451820102.002,8a62658008410ad9766f5b03255b0da3278ae49cde6947cee9dc29cf1d4d4637
2004/077,2004,COM,10.5089/9781451809046.002,5e99d30fa4dde56e0f9ddcf7e4eab5264223cec8eec9cf7f3d8e0e785d922bf7
2004/094,2004,NOR,10.5089/9781451829709.002,7dae2d1add618c41faef567121b812941611410c404cea281c423fa7430784a9
2004/105,2004,SGP,10.5089/9781451834888.002,816a60b2356a757c09eb4c5df64eb0f6183cd9477346b9998579ada03ac9da22
2004/111,2004,TCD,10.5089/9781451836431.002,e97e4ddbf3b442de0f8a1668acf06f9ec6b208e9d842be64d48ba2bddc330c5f
2004/143,2004,GMB,10.5089/9781451815443.002,e7f0c3b3e60c8fbd27bf5d3ae1762565b8c4d15259db59c2e3245fd8abf2033a
2004/150,2004,SVN,10.5089/9781451835748.002,92a90bdd31a0d021f6e05bf1f3c5ccf88b1a49adbfa6cda21660b567c00ed7ed
2004/155,2004,PER,10.5089/9781451831023.002,00116748baf7564d124d506814bc6ead69fdb3b912e537ad6f68db7676b038ed
2004/159,2004,CAF,10.5089/9781451806601.002,52c95da0704f5d0aeac69203f4a91791d45e73c6b94636e6902263e338e79138
2004/162,2004,MAR,10.5089/9781451824698.002,27f2c540f5db2e395902e1ac618b7249a883ce87c4cbbd68c8169d38c89cda2f
2004/186,2004,KWT,10.5089/9781451822304.002,87baa1c792dc329e7d050e62863656835f6698c102b6c0a72f7330daf24bd03b
2004/188,2004,IDN,10.5089/9781451818291.002,707f0fdf057c109bb8c091c59cc492d94ce7cb83137933b7b3072180709d5fd1
2004/217,2004,POL,10.5089/9781451831863.002,926aa30a2df5f2f79ca84ad436e89f96fdd11cb69664bd6e6413ffd04564885d
2004/232,2004,COG,10.5089/9781451808544.002,120db31b9ec6c690a067de5b30a941aaf3ee41e252181b5d5327d3ed5611c050
2004/236,2004,AUT,10.5089/9781451802306.002,2edd94e63574a9dc5877a8e1a377f46f892475ec392df88df492d03c9df86521
2004/244,2004,SWE,10.5089/9781451835915.002,8a276d7a053ec2f9a2f07a8ff19b4d379d35199ccb44347695e806b912a1d6ae
2004/259,2004,COM,10.5089/9781451809084.002,a9845f3b535209e67ec9f3d80683e50415e6f7e270e332a4c99a551a6b22df69
2004/266,2004,CZE,10.5089/9781451810219.002,45d7620a1c2dbc77f46de73d0745e2f9ff0a610f447ae015d01f704d7a8a7ead
2004/285,2004,TZA,10.5089/9781451838435.002,b5b5262d7aabe4fa5a69fdfa626caa164bcfb77bd088a8d79c21b29b3faba974
2004/297,2004,ZWE,10.5089/9781451841497.002,4781d6bab8866afd3f795b9ff95f6a941f57ca8e050dfa66ae54eb5adf282c71
2004/298,2004,CRI,10.5089/9781451809626.002,e62b866cff5bc8f2f4ac8587f535db20b3ac66f1be9693ae6e2fc2ec10117723
2004/314,2004,RUS,10.5089/9781451833072.002,4c885a571d8a1e4ac821860ca44c3d167e9fd15677f81a1415f08618ba2b1212
2004/321,2004,TLS,10.5089/9781451837285.002,fbb8b7a5f24fc005d3684e668ae43ff94c927a05a47fb92b1aa8f13bcc00e128
2004/328,2004,KHM,10.5089/9781451821741.002,504d9ea72c25d3a7c2160209c3f4968e0e773c34eb77918f5726a4151413b0d0
2004/353,2004,AUS,10.5089/9781451802009.002,409b69e321b374add900be55c3d1aba0a2852453e7e468f3a33a0b7b44f39775
2004/358,2004,EST,10.5089/9781451812442.002,5583722cb8f2c424a5599c6ad9b88a17594872db2807fb6c16f8d17f518a15eb
2004/359,2004,TUN,10.5089/9781451837810.002,cb72b81afc91badbe6751a2286c471a4f1ead5f8bb197dd36696900050d4e15f
2004/367,2004,ATG,10.5089/9781451801842.002,919e32793ce6d23eeb2240f12c630996763081d1592f0c0635e7bd332623752a
2004/378,2004,ZAF,10.5089/9781451841015.002,1011d95bd8dafa274062a3c66befb3728d00e87ea627048121dab5ede3555d09
2004/382,2004,RWA,10.5089/9781451833324.002,8e574374f3c3addd152ccfdb0b899eac500185043040dd30cd29caacda0cb4a7
2004/392,2004,GIN,10.5089/9781451815245.002,2727c68b7a711eb49d03816898f5d1814f208594394ad728c56e43f3d20c06e3
2004/410,2004,ARM,10.5089/9781451801507.002,ffbd889107cd9828d25ed0db7961c23db781f0acd4ce4d6ed3b5a9def8503c7e
2004/419,2004,MEX,10.5089/9781451825633.002,d48e58e9e95386838f8cc7847df6c17f57d4ebd850985516c8e8d743edc26fa2
2005/008,2005,LAO,10.5089/9781451822533.002,cf47cc0ea0afae3cf52d80c12075591b5807423e8644353514e7d5a14961bae7
2005/019,2005,AZE,10.5089/9781451802689.002,0e4e7e8ee87567024629b886a086cb518fe99cf654716979d594e77b9730e3c3
2005/023,2005,SLE,10.5089/9781451834499.002,8d714cd672e76fd07291cd071b531e0a63f5718c983880448a49f5ed1d510b83
2005/025,2005,ETH,10.5089/9781451812718.002,98c040586bb71654b1ba4e8ba538760cc07bff433109cc097b2a9fc79093bd1a
2005/035,2005,FIN,10.5089/9781451813234.002,18e276206d458a8e97708a35d9d7267edfce7075dbf35524e6caa651ef04f02d
2005/056,2005,ESP,10.5089/9781451812114.002,958ccc9971013dca0cdc952e1a4ac4911c8f73aa6d62737d5801072f3c0e0d30
2005/059,2005,PRY,10.5089/9781451832433.002,bd8b5f157390b33f67a72301bc2891b83332274d277a5649ad32185927076698
2005/063,2005,HKG,10.5089/9781451816921.002,4a54788e5b9d236acda0c303b928b424f491130b988afe0267b06fe86b8fea60
2005/069,2005,GNB,10.5089/9781451815764.002,c71842ca684b41a726801fbe0876111629062d9d3ae4449294aa2f4cfe4ffd52
2005/071,2005,SVK,10.5089/9781451835496.002,742be6d751bffd36767c7d924d7de3d27a4bf9e985623bdac24985c83ae59cf2
2005/083,2005,LBY,10.5089/9781451823066.002,3f522b8f4c97eb3c22facc7d2ac2946d10da8604e7ef72450e3f9b56a05259a0
2005/097,2005,NAM,10.5089/9781451828405.002,5138d0dc64f523c416e92650aeb19fdd16f6e3dd52d9dde2c6a357c4aa6ac316
2005/111,2005,YEM,10.5089/9781451840803.002,cb3c76d95ce7e457272cb9cb2a34634325f2b98818c9c5063c8fdbd6eee4c808
2005/143,2005,SUR,10.5089/9781451835274.002,fda81bf228a10482d49afab5a6222b5cbf1791cff09a6697b36127966ea91d67
2005/149,2005,GAB,10.5089/9781451813975.002,04ee073944a0e588d800af10c0ee23bea3a9a74fd867b54bcce06722e564ac06
2005/152,2005,NZL,10.5089/9781451830293.002,1f3aa01853031208362a066a04f215834065cd194fb08888f9acf5b1c1bf5f0f
2005/166,2005,LBR,10.5089/9781451822861.002,6bf7171aad844dac5502cb3bf0b366b07de0f0f0f827bc07fa6d842399ce358f
2005/183,2005,UGA,10.5089/9781451838756.002,14a616902c602dbeb10e6b351304034d8164797a70e9a784749da596547d0424
2005/190,2005,CHE,10.5089/9781451807288.002,f3453a54f7017abf91be81a606f36be099b77b3390845752825cf77d493c1a68
2005/206,2005,HTI,10.5089/9781451817614.002,20f398ec78ad8ea29ca6c7bb2e3cdc9e0289089ed6824a5458932fd3085962af
2005/214,2005,BLR,10.5089/9781451805161.002,8932460babf7fe3f48408eac54ca9ad366e5d0d12e1ba00bb67c33490579d6bb
2005/223,2005,BHS,10.5089/9781451804713.002,fab3f3ddc3c0cfbeb844fae1b1d225c20d8434086f45c88b0b724e49fe67f06b
2005/227,2005,VCT,10.5089/9781451839999.002,a088ff32d84232d58be9dc6af96d29b074630ff5c9958e6bfa348bc1d21168aa
2005/244,2005,KAZ,10.5089/9781451820973.002,d09cd7cd41cb086e21106500931dbb419ae87178fdc519997fcbef3e2374b607
2005/253,2005,SVN,10.5089/9781451835755.002,baaf5a217a7800e47385975b2c9e0fc9b5a5693e0917b9946d222c813c929b53
2005/269,2005,ARE,10.5089/9781451801149.002,4264a6de7af59da15880b883505b52cf22c0936615839d2e00f8ae9d6bf702de
2005/273,2005,JPN,10.5089/9781451820652.002,790938b7435809ca648b1d470ad9fe9ac5d514799c3f4795c3b554c50dd9869d
2005/281,2005,MUS,10.5089/9781451827811.002,370d43a5bf32205b69feb521c5b4a9c076737c2a2d5df445324acfe3686e93ce
2005/282,2005,LVA,10.5089/9781451824575.002,732dc9bb0c2d80476aa9505794b9c13d8152b8d661090a752ef010aa820c0075
2005/294,2005,IRQ,10.5089/9781451819083.002,73372d14fbd71ed4b7d400cfaf53cc7d07a4443b7f682cd43a460f963ffeebbf
2005/302,2005,NGA,10.5089/9781451828962.002,0fcc627718a7323d36922e8e1a425aa8d08e0b30be491f65de1a8647b0434e9b
2005/326,2005,IDN,10.5089/9781451818345.002,9b353d5a3073deb0c5439f69512ca3001786483276869cbb10598b4f10675b44
2005/352,2005,BLZ,10.5089/9781451805512.002,334fa724bee12e720f4d62c897a4e3a12166d76bcff755be4b3e96a9e4c09443
2005/365,2005,SLB,10.5089/9781451834369.002,932ef38b648545eae39b95d675b3736cf659e6bdec254b968513e197d1526f45
2005/369,2005,IRL,10.5089/9781451818819.002,cb3be91fb3a0b9be0a68709954ec605e1e02e4a3c1c2d63976a9ceb112badbb2
2005/399,2005,FRA,10.5089/9781451813678.002,90cc3c797eacab43291ca1c7df50f3f61f38445312dcbb320a6ec2d424057512
2005/411,2005,CHN,10.5089/9781451807806.002,ce84a2a73fdb1917932424d34a04cd18ce1070ab3c666af4d7acfc60b0c5702d
2005/424,2005,CAF,10.5089/9781451806625.002,4efd4c7d39855dab63cdc467f3bdb035da113f6c5b63d2e6708a95ad01b0646e
2005/427,2005,MEX,10.5089/9781451825640.002,a975f7831bf15326d12155b1372e83ee0070e6830f2901fc2c77bbefff8e39db
2005/437,2005,LSO,10.5089/9781451823820.002,b2d19a1e11e019d4c264b610469c6aa80a3ff7a77e114736dc3f47f7d7df82c1
2006/007,2006,PAN,10.5089/9781451830859.002,cb6fa7bf95fb3a7471fe8041f3580c79898b64507f358e733683b0a570044d2d
2006/016,2006,DEU,10.5089/9781451810493.002,8147caf966787af767b7c140409bd8d2350e0bb0f895975089b2e3789b50e466
2006/022,2006,VNM,10.5089/9781451840322.002,504b2d2a44e9de931c43987f6abf225f73ec0a0c2dfab46bf9859202dbc9beca
2006/037,2006,GIN,10.5089/9781451815283.002,a4b0c1b5bc4cb58d3f701e713c184802494ad0979feb75f4a509e31d18190d2f
2006/044,2006,NPL,10.5089/9781451830026.002,f07a9b201deb41b556b17202821699fb6872e4ce7850b244b5c02d985bf6e5e5
2006/050,2006,HKG,10.5089/9781451816938.002,69c082395b325a2ee60205a59595f748009e838254ab6d0db5fcf3977a65c99d
2006/060,2006,ITA,10.5089/9781451819892.002,a3162d6889a72fde2fc5c35038b1ec1a5eb31256ea214165d2208f2a304a1582
2006/086,2006,GBR,10.5089/9781451814293.002,640a291e0c257cf2af6cc38cee9dcae3e306ee71c129070f4d6b5009aa973b30
2006/095,2006,MHL,10.5089/9781451825916.002,328e3f50abb852adb21dd7c7ee4a28b1a18099e76ee2cfaf5009caff2776fac2
2006/098,2006,ECU,10.5089/9781451811827.002,52e77bc5b1825aff931a3a3718eb750f342e8841532e1153e5aa6eef05e5abeb
2006/106,2006,SWZ,10.5089/9781451836103.002,36013e2a3a9e26b6678b7d85d0c569c37f23d1f152b0eea24a0d0076ee3adfcd
2006/108,2006,PLW,10.5089/9781451831535.002,c3a37f34e249b1d0ae7ec54df5605352ee81547eb2f008406015c6273ad5764f
2006/119,2006,SVK,10.5089/9781451835533.002,3b3af9afc6ea97737b6076e0d33709bdb5d207aa047783943e04539a2109b828
2006/132,2006,KWT,10.5089/9781451822342.002,7c85c2cf402c9fbb416bb9ead30e676238c715f29d88761f3ec0143811fd029f
2006/136,2006,LBY,10.5089/9781451823073.002,1fce518493ab4e219ed7350ba0335c7457cea27d97eaec21df721aa151114c6a
2006/145,2006,ATG,10.5089/9781451801866.002,ed87ad5f3718710783a99e867a11155779ecdbeb69194f4a8ad68ec4b516b98e
2006/159,2006,ETH,10.5089/9781451812787.002,f163a60af01c165ef0a37889bb302210e1fd3d190eeb9d64690d231604f8c7a8
2006/168,2006,ROU,10.5089/9781451832853.002,78cb44b8b88eabf45d93205946d720d8b28f5eb5a1c26eab0f20456feea89b35
2006/175,2006,GEO,10.5089/9781451814613.002,fac60a542471617eb0eb5878d97d634b58897be2d3487aadd4a58a9dcb19b321
2006/182,2006,SDN,10.5089/9781451833782.002,b44684f84dfd1a5625a6bc383154a098020e8845b34940dac00e3aa14fc5e774
2006/205,2006,VCT,10.5089/9781451840001.002,9b7514cfa217cdb76e8968594ebad74adf8c3c9dfad69c8943f6727214abd7ba
2006/211,2006,ESP,10.5089/9781451812145.002,320cceb848ad3650477c8f988c6f415877b529dd064527a8479aa8d8eeaba2ff
2006/257,2006,ARE,10.5089/9781451801163.002,a3b40a961c1ffa17bc55ed59c2be43ca0661e8f64bbddcabfe12934820d1aa65
2006/264,2006,KHM,10.5089/9781451821819.002,7e0ba8d70e0e0b07e20cb9d72570d5e5e7620836e6c1cc8a270db0a4bc597677
2006/274,2006,SEN,10.5089/9781451834024.002,bc5f1b931ba60875b57bf919f478871f19b4786c27bdc45690dcbc233a580382
2006/311,2006,BDI,10.5089/9781451802917.002,2ab9e15e5a3bf5bc2ea887fe6c1d62b068c616067b1d9fcf88e90de6ac23f4f4
2006/314,2006,BLR,10.5089/9781451805246.002,3f450c03fd4f6d40474fa63c3053d1ecc726aa424da69635aae93047b6d7f3b7
2006/325,2006,LCA,10.5089/9781451823233.002,73f5adf5a4df83de77c3b1a97dac4b4aec0e1d5f42cf357b5166daafeb879707
2006/352,2006,MEX,10.5089/9781451825695.002,dee022d17afac1866d55951a6f426f9c4aa1b5293328629da3cec6241e59b735
2006/353,2006,LVA,10.5089/9781451824582.002,f71a5d8ad81020618b4406296ac3f481ea487c27df6d74fc6065b519346b31a8
2006/369,2006,BLZ,10.5089/9781451805536.002,15c779565d60c378dcc7964829587ead8e44376a9a9ece8e2f49a1c9e507de81
2006/371,2006,BIH,10.5089/9781451804911.002,87d152ae86617e61d6708a9c005eb18b7f349341773b0b7453d3cdbd234c294b
2006/374,2006,AUS,10.5089/9781451802115.002,b72c5c3d8df70a875b21cb1d0c9ec7ffc3386cf7008821b4c33166a1f14c73ff
2006/384,2006,SRB,10.5089/9781451833645.002,bd3369201f88b800946c14716ab23bdd4e042b0726ee8733429afbe1183b0a81
2006/391,2006,POL,10.5089/9781451831993.002,9baf57366489f8135c2a7936545fbc34dc97763e48ce583727c39d3f73298a5b
2006/394,2006,CHN,10.5089/9781451807813.002,6640dba5ddaa0fbfcbc915e12dd574255602b4c91ee274cb6064b86b8dfd5d58
2006/399,2006,LAO,10.5089/9781451822564.002,80aa43eeb5e1e477d015a5db51ebf504d175b647f990be4c09ce74ad6464301c
2006/413,2006,MAR,10.5089/9781451824797.002,58991928074fd6cbb361605524486b39857ca759935d8d7f34cff8ce72fabf78
2006/416,2006,CRI,10.5089/9781451809664.002,f17efec58410f2a4e0bca3a0d263b7335ba6c63a215d6528587e954b529a9057
2006/433,2006,ARM,10.5089/9781451801644.002,c523b9ce6162bb8624b570bdcd48226de1ca3bcdd2a0b8b6a4c0cdcb9d521c0f
2007/005,2007,HKG,10.5089/9781451816969.002,33ceb1943cf4a3ef46e9490e4a256a0ef5e272143899b184c802e08006c7a28b
2007/010,2007,TTO,10.5089/9781451837698.002,46d3576cb37417d2d5a633864bfa38a9602a1d0eed50365ea6d6bfd72b977202
2007/050,2007,UKR,10.5089/9781451839111.002,25bb45367a728f5cda44971f63bef9ba3a3b5c582c638ebd5151ed068c06aeb5
2007/051,2007,CAN,10.5089/9781451807028.002,22c3b7457f02e046cf3db9831a8f57487bc5c358986cdba55a0b3f7d4f449a5e
2007/054,2007,PER,10.5089/9781451831108.002,41b27763ce4895faae5de6c99a608dbd7966f4d63b4eedec4dd8cf19477a0e35
2007/064,2007,ITA,10.5089/9781451819991.002,f44f720d84283c7974b495dbdcd4686c0af53b7e750a38c6d7bae438f9dbecf9
2007/068,2007,SLE,10.5089/9781451834604.002,40af065a1ecd1cbc4a87ad671be6375627b619998aa2be7ca687117b376d4d71
2007/076,2007,CYP,10.5089/9781451809909.002,47451ca41945288499d07604be4e8d9d398ab6e03ff9aa6223bd5d28e4de1c6d
2007/080,2007,RWA,10.5089/9781451833423.002,c322f7860f967439777db99c8b2aef35dfc2a5a78472c7813a3110d41d26374a
2007/084,2007,CZE,10.5089/9781451810240.002,42d37fff60eaccf6311afc122faa50af97ac2aa385f5d03449129e7312bb4757
2007/091,2007,GBR,10.5089/9781451814323.002,37664bef19b95ee8e40e871d22708179c651ae2565fa3ad739790aefdcc441b6
2007/111,2007,PNG,10.5089/9781451831726.002,ae222add5533962ec1445fe856693d2d356ff5f4b1cd486d143d89afbc8cbdb3
2007/135,2007,KGZ,10.5089/9781451821529.002,7f654d299b0dad0f233ea1141475e37f1cfc1e09ac15b7b529c6433de7a12654
2007/136,2007,LTU,10.5089/9781451824148.002,f6c653619737e1067e8da58f43fe9372c03608199c2ca15eaef28a3cc48607a6
2007/144,2007,TJK,10.5089/9781451837131.002,f4b224dc41f030f378a152cf23a2c5ee173bcc777b1b5fe1a06ff7543088767a
2007/150,2007,NZL,10.5089/9781451830347.002,d8821c35dfdd026d8607269cdabdaec12fb9bdd23ab6f442617f050940abad9b
2007/180,2007,SUR,10.5089/9781451835311.002,6d6f48690df4ec636526f618633416df1ea794f331fcea2e50f5d56e45012b76
2007/217,2007,TGO,10.5089/9781451836592.002,c4e9169be8bfaeeca3d90fbd628d97ae299ae04f1276f15fadbf4ac97eb8f576
2007/227,2007,BWA,10.5089/9781451806458.002,e353ba2d2cf92084ac2a211add8a72a31871d96a9c2242f86bfc748c393f4128
2007/235,2007,KAZ,10.5089/9781451820997.002,bcdf3cdc002b206ddd8028d42ee989b45f128c4407520e52075020ff0338025c
2007/238,2007,ATG,10.5089/9781451801897.002,162f4b7fb720c38edba13e2d7c4c11ebe8453cf55bca770b059406439a56a4a4
2007/247,2007,ETH,10.5089/9781451812800.002,0e54622916bee3119806453192707dbbcf39af9d002513ed79b62a53ba776f14
2007/255,2007,EST,10.5089/9781451812527.002,1747a39fb9c36273104bb08949dfbc4dfd9a08bf727f6a3c6b7f0d32fea24f02
2007/264,2007,USA,10.5089/9781451839685.002,e157f4f3a4abace4f671add7faf5aee6bed6b561bc3153b45f1b53e66d2ca33f
2007/272,2007,IDN,10.5089/9781451818406.002,b5e12621888c032550886409025e9895a97670d4b3c6d9a1d52e8ca99c784dfe
2007/285,2007,CMR,10.5089/9781451808216.002,ddb79a12933eba671dfbe43316bc9373f760e354fe38982306970a8a84a7ad9d
2007/297,2007,TON,10.5089/9781451837483.002,2b885ccf77126dda1fdfb264ef54aea958bc06faf44e2924c24604df4840b429
2007/302,2007,TUN,10.5089/9781451837926.002,1a4027aa7d0dd75e9d03214e102cd90e7320dfcf8cfc7331eae3e41e154dcf31
2007/314,2007,AUS,10.5089/9781451802177.002,c4b259b2288fafb1178589617a555294d9d446ebd64675e4730c9c53f2816222
2007/315,2007,BRB,10.5089/9781451806076.002,f00156042a47f058fa7f0b079d9ae43b7917e2d81d719a8ba84f55d08fc7b9d6
2007/333,2007,CHL,10.5089/9781451951561.002,fb00bd0a92736ff205e51d60a4672c78150e7e9742fe15123e6a012261cffa97
2007/335,2007,SEN,10.5089/9781451834055.002,e0488bf56d537f686a679c9a96e079699ae32dfead684950e65741cad3966da1
2007/347,2007,ARE,10.5089/9781451801170.002,b037c5ce33896bc802dd20fd53c2c2ed12177809c1e73e8ef24487b990006c9d
2007/350,2007,BTN,10.5089/9781451806274.002,cc489fdf18c16045f37423532d07ca20e8e1edb654e094b667da858a3ed5b605
2007/354,2007,AGO,10.5089/9781451800555.002,1c5bfea7c42aa6f61cbda4cc3e83eb932d0e75dcf9fa9add2f432b0cf2767b74
2007/367,2007,VCT,10.5089/9781451840025.002,e749bff9b402474bde5fb933f28df07b21cffb689f789958457ac50996abdaa3
2007/370,2007,GNB,10.5089/9781451815849.002,6677b676691fa7205b0f59d47afd2eb8071bcd6ecb13d46c3f9db7d5bf540f97
2007/373,2007,LKA,10.5089/9781451823585.002,07858fdb6847631c85136f1b949a3d15391f3ced7ec0efacc6d83431fb19dfa0
2007/379,2007,MEX,10.5089/9781451825817.002,fbb923c9cd0f2958d43cb64a51b90520825995ec58ecb20d8afd76c8abdc8256
2007/387,2007,VNM,10.5089/9781451840438.002,9790a019a871f47979a740f443604011edea5e09075d53ed76bc01b9492b4567
2008/005,2008,QAT,10.5089/9781451832617.002,3efb6eb4ad71911bcf5b7fa3e5893f5ed271ae6944bbbb7cfe9d52520871d40d
2008/036,2008,TTO,10.5089/9781451837704.002,f50163e9afcbac3c7185881aac49d38e0f987709b236425bb69d5114c7bdf549
2008/041,2008,ZMB,10.5089/9781451841343.002,f4e684908b486668879568b3e3c98fa42aa0139ecb93ccb9422c1f849b2b93be
2008/051,2008,IND,10.5089/9781451947465.002,cc1c02d87f86a0adf738eb7838cdb368f373d906074b74d916506cf9f392cfd6
2008/067,2008,LCA,10.5089/9781451823257.002,cf5bb38b5e9033082cb86031f74be874eab49538d2297deb7c2be77d2f2c2404
2008/075,2008,FRA,10.5089/9781451813715.002,0668521ba80013dd1e9460e11595ba5acc943ff269d8faf3b765bb911697b46b
2008/083,2008,NAM,10.5089/9781451828467.002,8d97843648d86567f8bc69dc0807dd1b8b5c052e7b46e138c0a9fed8828d6d06
2008/088,2008,BLZ,10.5089/9781451805550.002,6d3eb20acbc73b506ba738e49deda353f144b89d007cf5362471069f4ffa6a4f
2008/097,2008,CRI,10.5089/9781451809688.002,e5c58c677d3b3b51a1ad152a61d3fa8f3337dbecd7b1a8368586c01fbe3ba307
2008/098,2008,PNG,10.5089/9781451831757.002,ac42bcc4ed5f5c8e6382503be5d6d613756afbcf061b6eaa92d5c96da74ce02e
2008/126,2008,KNA,10.5089/9781451821987.002,4a50794c3b2df89a16f1a84efd0af0839000a3b6db8db0adec5d26028c0e29fb
2008/156,2008,GNQ,10.5089/9781451815993.002,282ced62c78b2ca620ceec06f2e08c406b74bf52d29be280d60c76f58e4cbe0a
2008/158,2008,HRV,10.5089/9781451817461.002,ca91bd4557b1e4f935387238267d98e7357f1b98e2b6e2677c175e50d4862b84
2008/163,2008,NZL,10.5089/9781451830361.002,b7f89616b334dcec00e898adb1f52ff4cd5561e1725f2f275e0f04acf116cbc8
2008/170,2008,CHE,10.5089/9781451807400.002,d59f1359fa465bc1f8ddadc3dab905d88bd24581be8bea3f4c4bf94016b2f5ad
2008/183,2008,PRY,10.5089/9781451832556.002,489dcbce5ed1bcf8294524303168774bedc0fc2cc6f7c4437e04b2da3f75ab5b
2008/191,2008,KWT,10.5089/9781451822366.002,d0718f923a9aed7d11654091a37a73b803cee1ed2abe782fd840e2cbd6fe0777
2008/199,2008,JAM,10.5089/9781451820225.002,7b08c536bc81ecdffbf19d6252eedca40abdc14e40f5d2df3f3472682b58f8ab
2008/200,2008,MNG,10.5089/9781451826951.002,2950bd5e50e2def8ccdf81b9c3da24e2a73ee7fd7871fc96ecb55d09aa76b6f5
2008/208,2008,ROU,10.5089/9781451832891.002,c4d137dd5f0d42a19cd4936a2e5c88305fe5e53101c6067b038095521a0148f1
2008/227,2008,UKR,10.5089/9781451839128.002,42be8bcd86fbaf6a1b971a0e543c198e80e064a00099d81e36e4fe064a5fa1d4
2008/231,2008,MRT,10.5089/9781451827668.002,8e89b09c26fa11a608e53f2d4e9348bd4653d700f6d3f3e08f1a940c29335345
2008/235,2008,UZB,10.5089/9781451839852.002,c6607ba9adbe8610d22907fdb2efc758acd2dd4a6751de449844ee1a3ea023a4
2008/248,2008,CPV,10.5089/9781451809503.002,8fc81cbb59aa470f5c1581cdf75820b8f9d99b5ac41b3bbc36f4bb67b75c8f0c
2008/261,2008,TON,10.5089/9781451837506.002,3bfd536a9d9c5f9d3ceee7aec661ad867208b3f994b3344e9068f26a1758da8c
2008/271,2008,GBR,10.5089/9781451814330.002,882a9653a12c8bfb92423776d920768abdf7356cffd91e5b0888f34ac46db480
2008/278,2008,SWE,10.5089/9781451836028.002,7f4b3cf22fb86e26510aea0ad86641f43fc72b79c4b6453f96a6816d795f6283
2008/284,2008,IRN,10.5089/9781451819052.002,96295a7ff9511ec39f7c837436ac823e6d014eeec37675023753328828f0ff4c
2008/290,2008,JOR,10.5089/9781451820386.002,f6a7c6ff26c52bd03ec322d9f5a419f6722aa48f1cb94f2531b85384c3d9dd7b
2008/293,2008,SUR,10.5089/9781451835328.002,a48a1b1f4efee2421702af9a9e8730c585d5ca4089696f8c9e392592c9a17c9e
2008/295,2008,BRB,10.5089/9781451806090.002,f1eb754b2d16a2ff28ed550359ca1815689c69edf7941815166819b9ac0c8bb9
2008/299,2008,IDN,10.5089/9781451818437.002,cb15ae769f43875e9ffa0884fa62c7020d67b3efb3e42cac50e10a506f619926
2008/302,2008,LBY,10.5089/9781451823127.002,b5063665a2cde0978d281cb8ff50c10ab7625f546bdb18381227031f6151e6a4
2008/307,2008,STP,10.5089/9781451835182.002,4354bfe67f7def0ef6e4446257df707237cba19830a7ae472f6b8a26d1116a7f
2008/309,2008,RUS,10.5089/9781451833171.002,cf8527e420f99f8d3c4de315d4c8fcde9e3f0d14b004a9f1b2827649f552af22
2008/315,2008,NLD,10.5089/9781451801064.002,7458a9876cbe04189c4e4a613ab95409e2cdadbc1923c91b322aabc7166d30ac
2008/324,2008,GMB,10.5089/9781451815627.002,2746996300b9c80b40919267a457a63f926aae9e678176bd064e028f69149fb0
2008/329,2008,LCA,10.5089/9781451823271.002,0761df1d944315807ff8d71a7b05bb4a99ad63db78055cdca480bdcda055386c
2008/345,2008,TUN,10.5089/9781451837940.002,141501ca2c2848d20d120536b96c1f214347927e2a744f0835c2fbd61dee0d12
2008/358,2008,SLB,10.5089/9781451834406.002,6a8d3344fa93a3b55ce2fc3a0c7a85ac42802faae3120c76006de0778da801f5
2009/023,2009,COL,10.5089/9781451808957.002,c892849526bffadfcb45b35451c2a9e0b4957a2fc163db9b24e08c2ba0b5fae5
2009/035,2009,SLV,10.5089/9781451834789.002,93c0d087a7fef668cc3583289274db2dbc4e366fce5c0ef8576cfabd7f378ef7
2009/042,2009,COM,10.5089/9781451809190.002,a41871360d36bec5aff22a60d5f07aa6689c45d6938234361c708d87782d8b88
2009/045,2009,ITA,10.5089/9781451820027.002,69ce748d23838f28633332e5908f548dc575674d2c60badee7565b4d2a82fdac
2009/053,2009,MEX,10.5089/9781451825848.002,94cf40578581499cc76408a56f1f4ebc48cfddfdb4835398dc6a85bcdb2daeef
2009/055,2009,SYR,10.5089/9781451836325.002,1f5a485541c81baeba0caa515e555574322ee5eb8d9163729246546e258139fd
2009/057,2009,ISR,10.5089/9781451819663.002,b97d6fad24e9e5d39a8d1da2e7c1f9a13eb7eee949562730eb53adf093f40fa5
2009/060,2009,MKD,10.5089/9781451826159.002,5126d0f92bf8669b0b1c60e613ec36459535933370a422c5e82430e546f77c02
2009/062,2009,PHL,10.5089/9781451831436.002,2c0fba93b45fc2e3190ac4c5e93c168b764dea5a93fd944e2b14c38c1b41c4a1
2009/078,2009,TTO,10.5089/9781451837711.002,5228e20d4cc77ea633d45e7b6be50c6e61b2b7e83caf1c8f6448b7125cb87a01
2009/096,2009,BGR,10.5089/9781451804591.002,b3206cee2dd4bcda39670d88696f3aa556f7beaef1ecca31f53e1269c1162bd7
2009/097,2009,MDV,10.5089/9781451825527.002,e2cbeb2d15bcc21eb86de49ce26d733c7b0abaf86dc2be081749e4a609011935
2009/100,2009,YEM,10.5089/9781451840834.002,bb8e74420739122b296651c2e4f51bbe9d06a945c52f7c287bae824ab451ecd6
2009/112,2009,PNG,10.5089/9781451831764.002,da7f570d09318624c05dc40da99c397310703ae6d646b6bb4b4dc755fcb40f24
2009/118,2009,VCT,10.5089/9781451840049.002,284a3ae6c63e9c94d593ca6cf41ae0c1099be7af4ab11d1535b96ca58ea30946
2009/131,2009,LBN,10.5089/9781451822755.002,00c8dee0702cb7b15e4a2458d9630f008212343bbb14bb811b43d90183912ff3
2009/136,2009,NAM,10.5089/9781451828498.002,2bc138a0e512b1d3d9768a54dad80561a30ce73e849c393001f61753d4d6afea
2009/178,2009,LUX,10.5089/9781451824384.002,64f88d3a3383a55b60bbc01ef2a0a980ee9ddfe3dd08d7f2cbefdbee6398ea4b
2009/182,2009,PRY,10.5089/9781451832570.002,85246d5586c63eec21db1ba76ca19f7a79964685fe558a76a35aa226a0f87adf
2009/185,2009,HRV,10.5089/9781451817492.002,d3d8a91c56353d3ec23d9c348d2560e0160677cdc28b2565a0be0a7d0bed4784
2009/187,2009,IND,10.5089/9781451818666.002,a2f3953c8e1e42141e3fe38cab0b67332ec7dd0e4ade6434b361ac12ae6de9aa
2009/199,2009,KIR,10.5089/9781451821918.002,c8ede11535f87c7595b59e7fc7396205840b13633759bb2306f2de1b694f2038
2009/209,2009,KGZ,10.5089/9781451821604.002,ce72a74712689dd9a83b27780d34d980c59e48fbe5f19d645d4ea358f6f11247
2009/210,2009,JPN,10.5089/9781451820737.002,ab8c2a43aff784a26d181e8b9261456d66d22ef6fe60340ab5ab711bd92ef920
2009/219,2009,TLS,10.5089/9781451837377.002,76cb078072dd61085b6c41d042c6bd8073052a7b7a7da9fee087d12945a1d914
2009/230,2009,IDN,10.5089/9781451818444.002,3bf3ee4850d3a41fae6c6874f0ccb92447a2f271a38367f1cb05272eb5560b1a
2009/232,2009,FRA,10.5089/9781451813722.002,e8644715f72967a00e89ec141521d13bd773a6b6d727069de6a7394dd31eb963
2009/248,2009,AUS,10.5089/9781451802207.002,6dfc2435202a06855982bc178947db73c1c85bc3b618c1ae68452b2cc9313c63
2009/256,2009,GHA,10.5089/9781451815047.002,d539e0bb6b8eca7b226f316c5df1703b5a734ca7d797ecf3ba661b61b7b0c93e
2009/261,2009,THA,10.5089/9781451836929.002,d45db0b5117c2fcc63abe586d468b78e842145a756c14ed8a0e0446ff050ff78
2009/262,2009,KOR,10.5089/9781451822250.002,8aecb82b8d44a7db83803accdc8b47e1182fd4f05c5f5da12a94640cd3969a51
2009/284,2009,LAO,10.5089/9781451822649.002,f66afba1296bf70cea3a9edfa8f86ada7f862c83fe76e0d56c4be21feafe5a63
2009/291,2009,BRB,10.5089/9781451806120.002,77e1cc007491e0e52ebfb5233a17d3f6a8d5314c50ea9f75dcdba81c3cc2a9ff
2009/292,2009,TON,10.5089/9781451837513.002,39dced4366d2a1de0bf8b55bb49ba7bb9804d2403d9def8ea88ce45fa9adcefb
2009/303,2009,CRI,10.5089/9781451809701.002,40d3edeb38a8dec9a4892b7a094ca1d47cc741d2e864c163bd6786e2983f3e7d
2009/315,2009,NGA,10.5089/9781451829082.002,fd426dd44dff6e0feafc8dd1c3bc0a195e78dcefd308590081810e3c41c228cc
2009/322,2009,LTU,10.5089/9781451824223.002,f7921209e6910a8f6fa863223da93f427fbee970262227abb1e01f9b705ea12c
2009/329,2009,TUN,10.5089/9781451837957.002,300f2bfbb344e0e39f0da31dbd4bc82ed1f8dae8b91e24180eb92cbb5a91fb06
2009/333,2009,BLR,10.5089/9781451805321.002,ab27b5de047f900a8773cd4f43a60a1026d3285cfa6e1c027a972c6e0bf3aa3c
2009/334,2009,BTN,10.5089/9781451806281.002,b5dced9994cba6c63fd69c03c4885e3d331d8268454cc6259e6cd1c05d240d80
2010/007,2010,BFA,10.5089/9781451804010.002,331c79b131eabae83c8e86cd7226d19bc316dbedf5013d1dd0adc83d15b96dba
2010/021,2010,CAF,10.5089/9781451806779.002,adce956c82a0c9aa00caa1cb95817dbf5edd0695facdbb2f07b117b7f64fc28c
2010/027,2010,BOL,10.5089/9781451805864.002,57b0b1996ef78c63626693df59d5abd9153e8deaa7739bdb966cbe394696d261
2010/037,2010,MUS,10.5089/9781451827897.002,a0f93e3ee53c1a35d8eb0f44369e6ba6326de2f93f2174f52ff148490265d4ef
2010/044,2010,SUR,10.5089/9781451835342.002,2fe42be23e6c5531e0190d95db508fb441267f1064fc536910e304dec5941e68
2010/051,2010,MHL,10.5089/9781451825954.002,3a79554a6ff0249dcb512475dd0b10acdbda8be6ce1abc3017d55d2ac8a6f923
2010/060,2010,CZE,10.5089/9781451943238.002,da4f25ed5a51f5a1360cafbdefc8e80908548315600cea11472614c3dc5c7f82
2010/071,2010,MEX,10.5089/9781451981841.002,7e83539c3ed0b1ea8cfaa9a1e382e43fc73a27cb53208c02041956d732007fb4
2010/072,2010,IRQ,10.5089/9781451982053.002,2bbda92f4cc9a612d90a37af12efc84f9868cd68ac9b57af067b3a95a76b13c7
2010/085,2010,DEU,10.5089/9781455202614.002,a73067c0c9ea64aba80c430ce1da4d5dd96150b012249258bbad0e646818f42e
2010/087,2010,MWI,10.5089/9781455204496.002,74ce4863ada6b42c7425f720573016e4c450796948a66901a26310301f89591a
2010/088,2010,COD,10.5089/9781455203420.002,cb4670b1f4ab98e08a06650f7d1b1bb7aab6b297a81a23fd4c17ba5c30e37392
2010/093,2010,SRB,10.5089/9781455205622.002,51f892fde29b358c6911680bc045675e09a4d20b6c5bc66d55350ca376eca1c8
2010/094,2010,EGY,10.5089/9781455207497.002,d19a9e65410ba4d893d78444ee7ade867d8a7bcb8f6e48e8e44cd19f37b00b62
2010/112,2010,TON,10.5089/9781455206384.002,a60b0aa14a10e24853f826b7a0bacdb0b4d613de5c8ccb81b89cbb1d83423713
2010/113,2010,AZE,10.5089/9781455204205.002,fb6fd5ef701280ffb02e72e36dbcc9f38372e2cd381314fdf294b5e97c5117cc
2010/118,2010,POL,10.5089/9781455202546.002,c477d7bf4d8cc8a65562efad511725511051301b73204e7e966ba91f205d49b3
2010/136,2010,FJI,10.5089/9781455204922.002,5effef05085aacd337807b73a73888255dac5dec81ebed6feb2b4429e86fcd36
2010/140,2010,CHE,10.5089/9781455205899.002,998d453e33f5a376230ef59c0d56cf1f7065c96beaed35e7093a76fa4548c14b
2010/168,2010,MRT,10.5089/9781455202522.002,3958d3c917f07877f4ce826633962eeefc62bd0fa555830b18415cd2c84128fe
2010/169,2010,PRY,10.5089/9781455207527.002,a77cbc68402ed96938af341f8cb77b535ed21a18244fef3044128bce6310963f
2010/175,2010,ETH,10.5089/9781455204175.002,c7d5dd36c02c24bb2be9efc2290b14957e00b9e04ecf46b72bb967427a91fd9e
2010/205,2010,ALB,10.5089/9781455205608.002,673d2b0ad4aa179d7623663373f4d96939b0eb1221315eef11938fd6e6a060df
2010/211,2010,JPN,10.5089/9781455207879.002,e3c1d8567d18fc8b9358bf12d66ba0d955142f3883a2b9ae4ed1e5917ab2f936
2010/214,2010,WSM,10.5089/9781455202881.002,f1eca23dfd3d451eef713b420473b728731c1a20e5f153b8fdeca8f11d70dbab
2010/226,2010,SGP,10.5089/9781455207688.002,63a501a451859982de0a83d139d8676a8e35e97ada65ddf729cd539d3d874334
2010/241,2010,KAZ,10.5089/9781455207237.002,52c2e68f1416a400f58eb40a983b3397b2640dc051a3e2c3ef64857f413de1c7
2010/249,2010,USA,10.5089/9781455206766.002,64727618db2d23cb4538f8e08cabf8ea392dea971b73f6b6bd3d38a9189e1a7b
2010/256,2010,SDN,10.5089/9781455204168.002,b5c739592aa0eb0f78deefa627262e4786087cca9004bfd848f12e54494caf90
2010/259,2010,CMR,10.5089/9781455205776.002,5a335a9e39629f0e264daae9fd3a3eaa78747d7d2b4476abd9c99396100610a4
2010/265,2010,MYS,10.5089/9781455206889.002,578e7dc6f520ca4af52256c12834eb4b5102682f0e8d53bab76decef488c021f
2010/273,2010,FIN,10.5089/9781455207725.002,36befe60059d79d0e528e15810d5f1d8cbb1718dcbd9a262b3d41350a23f7268
2010/276,2010,AUT,10.5089/9781455205530.002,2aff313346937a3fe0be7dfca36b9a07dbea594fec2774024f0fea8a317109a2
2010/280,2010,BWA,10.5089/9781455206582.002,f48954cb2ffa71cb4c4d1a642794b7ebaf8ac6c46fa3aec097e34ae7bd0209be
2010/306,2010,LBN,10.5089/9781455208586.002,69ae79c5095e4e29409eaca810455511e0f85f22aa77895fcf28b8ee65f4f311
2010/307,2010,SLV,10.5089/9781455208678.002,3f59289aa0d45cfd7d2d528adf30916e57e675c325bdd788f0ea664a91dd54ca
2010/314,2010,PAN,10.5089/9781455208630.002,426eb2cdb9c52b7732d83c9f2c463e977ac231a72421dffb786d431e54a04d9f
2010/349,2010,CPV,10.5089/9781455212712.002,59b539f533c926e1413363ebb9d72e9ecbadcad5b32787d9ef2e357a8cf72011
2010/365,2010,DNK,10.5089/9781455212873.002,c296906622da27fd3b75c34f364e8e2c92ad5a16682d55aae5f3dbccfc80f9ee
2010/373,2010,LBR,10.5089/9781455212958.002,bf4fdf07cd7aa7bac4a3ed0549cc62e87f9b63e0b205eb3ac85974506f318943
2011/021,2011,ISR,10.5089/9781455213832.002,1551212a77d34f3d9fcd8890096a3f94a8504a14d56876801cdbce1c7afc178d
2011/029,2011,MLT,10.5089/9781455213870.002,abd8cc703043bbbe1a65ff2f17825ce671027ce7f7891f1dd7571aba38a52138
2011/034,2011,EST,10.5089/9781455216611.002,6a735973f0233f16686f1c2427cf348636ee1c1c6017fbb4066705465488e182
2011/043,2011,FSM,10.5089/9781455216635.002,1ee7d5c2bcc34cae6a91eafcb19cbe0393968988d705d24961d92425b17d3519
2011/046,2011,TUV,10.5089/9781455216703.002,925b3616667200bedcc6e564e5e95b7cef1e41336cf4595140c3389f95c65660
2011/057,2011,NGA,10.5089/9781455219988.002,5715858ac3dedd6a277baaa97ad6d4f305a3188252dbdcfef2384310e85d84d5
2011/064,2011,QAT,10.5089/9781455219957.002,e459381eaad0d23d4b5a7f58fd5ad875dca0ac59036f1a8a5e67fde863b556e8
2011/072,2011,COM,10.5089/9781455232123.002,cc3a8bcf512a5ed8d595e1e986ff8198c5427b5ba0aa66f63676334de2687503
2011/073,2011,TTO,10.5089/9781455228126.002,c1b044e7386947c17ff8d4ef9fb59cca9ac4bd283b50d1af0a9de41f097cffd5
2011/081,2011,BEL,10.5089/9781455233090.002,9e900d09bfc55530e9d9037727635cc6987049b253058825aeb23f15cf29ba4b
2011/115,2011,CHE,10.5089/9781455284603.002,38905fb2b3d47a8bc13283b1c62d2e778a6c3f84e2a3ca6ab2f168897ce07f78
2011/120,2011,VUT,10.5089/9781455273492.002,3da4ad11f0166ed2b891dfe3712f962e711db075f27f4fc7e7456cee1c4ae1d7
2011/124,2011,BOL,10.5089/9781455272525.002,a2aeb4d1b3ae3d537be066f45ab491cba2901adef9211d5924146b5e2497325a
2011/128,2011,GHA,10.5089/9781455281596.002,0fe7a824acefd90d4e9de09f7af6a12993a26a98ac572dbf52d14436fc4961b8
2011/149,2011,MOZ,10.5089/9781455281565.002,b3225d8b79d7be4a11cf375c7adc8c4186b356ea2a51edca03a05a63946c5486
2011/150,2011,KAZ,10.5089/9781455288625.002,46e0844ada89b4101e34ef645993e7214242eb0d08feb66dcc5186c0982cdeda
2011/152,2011,GUY,10.5089/9781455283583.002,d88abf81156b134e74490c529e9538bc6a0fa0b3a8c6a96af56a79167c62375b
2011/155,2011,KGZ,10.5089/9781455280575.002,8d888e74292d54b2f23842c3313f98d5dafe33ec08c731061f53e1e7a02507e1
2011/161,2011,CRI,10.5089/9781455291670.002,eef36590578697155d6c9f125870571085655488e067b980707f668694ca1ccb
2011/166,2011,POL,10.5089/9781455295708.002,df234430b5f1dbc99546f73801cba2f191c176051312951bf88e2c3be82d90a7
2011/179,2011,BGR,10.5089/9781462343584.002,34dde12fe05ca30d9f20bf5ccde9486d6d81f2b6231d7e282d73cb815b92d5b1
2011/181,2011,JPN,10.5089/9781462329465.002,7ae66b898bc91eed717e117560f256b203670310e9acc66948bc8852224964d9
2011/211,2011,FRA,10.5089/9781462338535.002,d96e86743d48b7e9578ef278331dae324e0b7e48daf13ef441b68a48e92276c3
2011/217,2011,KWT,10.5089/9781462327447.002,8077b2ddbffbfc0c94247bf69353cb7fe28214a9bdbd578ccc0fd05e5f166e03
2011/224,2011,COL,10.5089/9781462341559.002,c0e53cb1a00181face5b92301b266c0e0fe40fb12743f0622f047e4f8afa91c0
2011/240,2011,TGO,10.5089/9781462318353.002,2d7dc5f5b0d37e0af30dfb568c1fa90dc9b615207112b39c2856311ea5d0cc3b
2011/246,2011,KOR,10.5089/9781462328444.002,27cc1055b9247be856158e812c9b0227294cafa8b58336c40cd845ed40e7a79a
2011/256,2011,SUR,10.5089/9781462318360.002,14e052d9f02f1d6df3472b6b1be6306073245f226534197350a0bcf780891f83
2011/270,2011,KNA,10.5089/9781463902346.002,26107fd7c3a09eedd2373b42508359acb4c256194b868538a7f615bc8fa81d41
2011/275,2011,AUT,10.5089/9781463902841.002,29f55d59795e55319377b2e216d6c96c7ce50ffc9301fbfb14e8ab86198b01a7
2011/292,2011,SAU,10.5089/9781463904272.002,5d6faf7cb5012b2dd8047eb36845a2ebb5c3c7250a4bfdd9ba6dffd200b975f4
2011/293,2011,MDV,10.5089/9781463904333.002,88b7665873678af1d03087cf376b0207c1186cc694d0618929be472767606b31
2011/300,2011,AUS,10.5089/9781463921941.002,49c020566874b2ed4f5453157707850dc0a0bf176fd1c58bd053e7be92e4cf18
2011/302,2011,TCD,10.5089/9781463921972.002,8e9605778675d9f8d694b0e88e6d6a6fb27e73d353dcf1889e25db02593e2994
2011/313,2011,ALB,10.5089/9781463922665.002,c0cc25fe0e7a829ed85c541110b5467f9d7f65e724ac48fe452a03b6d559627c
2011/338,2011,BHS,10.5089/9781463927882.002,8bbaf993a304d404ad329a5beafeeff1a95d0e8cd909d21e24c1c017fbaf69e4
2011/340,2011,BLZ,10.5089/9781463929206.002,bbad96276997569d65cfcccf332f453f2ab69648d40160e35aaab4571b4f316e
2011/348,2011,HKG,10.5089/9781463927875.002,11fde7d235d7a7a5f508eec7a6d3a93d7281470a2c6aac6a4a8fd36685a9a4a2
2011/357,2011,NER,10.5089/9781463927912.002,78bf41b8ddc3d750efa1c89abed6109398399a20d6174f0540db5e2683bd86c8
2011/359,2011,SLB,10.5089/9781463929909.002,2ba504e7a0e77336fad265f6044487c4141ced037ae45cd67c34520cb1d3c665
2012/014,2012,KEN,10.5089/9781463933845.002,5bf86e527d3b3a10c0ba358c0b1b5d8d75012ab03fc21ae6f8e575d31af03c33
2012/016,2012,TUR,10.5089/9781463934484.002,c180f8e1b5a0b4f9bab63d6febccd3ebda48cdf3c8787b8d8add0b1219f06058
2012/017,2012,GMB,10.5089/9781463935108.002,defa3090ad48dce51286485da85d60d80e9d0a40997354ce2fd5fd091933ead6
2012/018,2012,QAT,10.5089/9781463934491.002,24152a0d083a7420bd74b51220476e1f15b3454a38b38d75cbf51d056e1838dc
2012/037,2012,SWZ,10.5089/9781463940386.002,2ea3a6957a5d73fc96f695c4ed49af716eec16c74d85bcfa537741eff7353cbf
2012/041,2012,NAM,10.5089/9781463939755.002,2c8c3837e3537376cc7067122c4c6aa59ef4ba3046b7838e1269cfcce4f426fc
2012/049,2012,PHL,10.5089/9781463939731.002,e54e0443ccb1d75d7fe0aa37e73dfb5352f2be57acfecbef40030815ef6afaa2
2012/055,2012,BEL,10.5089/9781475502381.002,64397dd3b6c8bb0ddae1c776e3ca6d8e4137002e5929d8e3f310614f066e4212
2012/101,2012,LSO,10.5089/9781475503234.002,39f7b75d03894bc249e730a4d0570dcce3666dc75ca99c09b135d47869648815
2012/106,2012,CHE,10.5089/9781475503395.002,d1ab82cd4909f120da1db2ef2e48fccc80345bfd89fff338f64b892dbe9195c0
2012/108,2012,SMR,10.5089/9781475503418.002,4c30ba6a2e760172f1f2c0c9058ba6d02a65e1be8ca822262f686ef0d7d0cacd
2012/113,2012,BLR,10.5089/9781475503807.002,dfd49c357a7b45853be9b48225bd0ef4b7fce01247bb48b720831ecc0936c848
2012/115,2012,CZE,10.5089/9781475503739.002,e799bbcd2a43b3744f54d878914a6521949af8fd6ec0b3c17290bc991c61c5d7
2012/116,2012,ARE,10.5089/9781475503692.002,bc63ea2521381184fd4c0c26fd7dc00df3f219a410d8f160f83442d598bd04f9
2012/122,2012,MNE,10.5089/9781475503876.002,04e0175b96d9e29f96744d4e4d4d91c405723c2aedaa792a34e3a36f7dca7012
2012/124,2012,THA,10.5089/9781475503968.002,5d70bae0bc0c4119e91045c5338ee9a7bf003c095f27cb9d0848161ce343e62e
2012/132,2012,NZL,10.5089/9781475504125.002,d2e4481c3fe219ba8cd47cf86ce07ff25b3b1aa590782e0363f6b77f171c55b1
2012/133,2012,MKD,10.5089/9781475504149.002,6c0c49cee3cf669bf6168d617e31323e1e3c0577ec0e2910ce84481c0cd5c13a
2012/149,2012,BOL,10.5089/9781475504538.002,2c5855fb236a5810e76cc3874e43dfeb4548574d6e1eda3f2c8ac42b7ffaa57a
2012/150,2012,KWT,10.5089/9781475504583.002,274b0cc25e837e6c1ab047f4b12d52dc212aca9b8b503a01ed6bd8058977282e
2012/164,2012,KAZ,10.5089/9781475504859.002,b83a111dabb032dd126276e203a2ccc7998fc257a3a3f2f636c1c6484a4ac65e
2012/165,2012,VNM,10.5089/9781475506051.002,7120a3f938d9269014494c1393618f34b31ad338186f0f3fcfca489d316ccee9
2012/166,2012,TON,10.5089/9781475506099.002,4af8b14ef2a788c0fd3d4f4a07013aa1b203b0731f3265cc1949ac3e520d0b05
2012/178,2012,SVK,10.5089/9781475504972.002,313cd63485f516c790a3292f632d660cfd990f795a823d5f8b2ca6baf4274352
2012/191,2012,BRA,10.5089/9781475506709.002,2989dc0f8d98863adbaf084771d8601216ed76b5d75b2d56fbe448bef229b14f
2012/194,2012,NGA,10.5089/9781475506679.002,570fb298457c3b98f2391bb24e76ec9ad3ac40ab567cedba8d11fea32cec5a56
2012/195,2012,CHN,10.5089/9781475505467.002,ea77f35f3b14372bfcd266b450b8c6d119e77305c5c3b478ef0019a5d95f8fbf
2012/200,2012,ZMB,10.5089/9781475505900.002,ea48c4bd446d5a96cdaecdc41894e144a868b435aea5e9fe0af2e16a6108f23a
2012/208,2012,JPN,10.5089/9781475506334.002,e2369b8842a85e1253e93c1b35f51fcc931a2d7cc686381425c63a027ae92e5d
2012/215,2012,AGO,10.5089/9781475506662.002,33dd8dff5b17f49dc75ddb95b01c9f672dc57910859ef3541e94c02728ae9e76
2012/217,2012,RUS,10.5089/9781475505030.002,346b931edda2c7f952643ed7bcd74c9b4d4fb8cec22b7df09a804bb8ee831c2c
2012/221,2012,MWI,10.5089/9781475506112.002,0dba2fefaba9d4053458b0d41cc43bd28f61b6fdae273a7b950d3ecd87740e1b
2012/251,2012,AUT,10.5089/9781475506778.002,9b84dec6a088eafae3095d143742c08b8507f6e5b8d2c8cb4e55bba8571729f7
2012/253,2012,FIN,10.5089/9781475506006.002,05e50952299d26aecc586ae9c13dee92b177fe744859545b42f83ba13614e55f
2012/282,2012,BIH,10.5089/9781475511840.002,583a91e8f4fbb3bbdccd553960acb640bb9d690570770cfb4ad9b88ab96cd887
2012/283,2012,COG,10.5089/9781475512830.002,eea0a4b65cfd0a0375261f5b7674f6e7cc278bfc421ad6de605ed9edccc6b2db
2012/286,2012,LAO,10.5089/9781475513196.002,edf5d6374822f7f5b230bb2ff2abe79611184263bcb9bf1518ef1bf9258fa21b
2012/302,2012,HRV,10.5089/9781475588095.002,696e226711ef4ebaf110163021016194bb4671cfa1b16f2dcfcd4004e8068050
2012/315,2012,UKR,10.5089/9781475591347.002,e7310b8ed2b80a2495d1bc00fb79cf8c39d708dba0db617b11ed8adbf15303a6
2012/342,2012,FRA,10.5089/9781475542004.002,9329b61d66687145b11a27d76244537f3cd08e5841f0b193844f4cf1abcd34d5
2013/007,2013,ALB,10.5089/9781475532418.002,b2949a4e2c1ceaf2637435c3167a85b15b3056beab91c4d48f59267d8e41a069
2013/009,2013,BEN,10.5089/9781475592917.002,242de79ac16105a5c934c416cad16992171dad6dd5cc4a61b519bd6307e7df0c
2013/011,2013,HKG,10.5089/9781475584738.002,ba816e2b4ab4d2ca3c2da41027f5a0071de85a9983a35200936df817b5bb8ec2
2013/022,2013,DNK,10.5089/9781475529036.002,a6aae729dcadb2e1e7f77bade8dd5754833591d66b313c66471628e26147b7f2
2013/031,2013,DMA,10.5089/9781616356385.002,b95513207a53c7f68c1c4055a63ef6db02b5a99002810f07910b50b9a3a94e02
2013/035,2013,COL,10.5089/9781475573916.002,03fc5ddbf57ad5fb3349047736c4c0e4becfb2cfc7b0c58ad19590f4aca40d12
2013/051,2013,MYS,10.5089/9781475546590.002,d4d52c984d056c0d4bc0d8dfbf8f1d756bf2f08527a47db7880c61605bfbffb0
2013/055,2013,GAB,10.5089/9781475549935.002,a7527db328242e3ffd1b539e411dc316875998dd1a4242cb3a5ba5e07718a0ea
2013/076,2013,ATG,10.5089/9781484351284.002,c9f8baea329fa993dd10b527ed0d89978de7759db8d93ef27075acce55518889
2013/085,2013,HUN,10.5089/9781484398388.002,447aa440c11d77eeedba8c1d5439773674518e09c21ab69a49a25189d661327e
2013/090,2013,HTI,10.5089/9781484312766.002,124bc1e85e2e0f97f6ceca36fab454f63dc9d9b3dd474ad4a6479f8e9616409b
2013/094,2013,COD,10.5089/9781484331064.002,c2cd81cd635283549f66958a1eadd88985a8e7739fa772f9f3361c683c675c71
2013/097,2013,MUS,10.5089/9781484327432.002,841a9202c727b2f1eb2fe69268464a3a3d6dd65e8f23ecc1a60af655bafe6548
2013/115,2013,NLD,10.5089/9781484343814.002,b759997a42d566a40a747795b80e660a65883b1f9bb32528efd83c6317259af5
2013/116,2013,NGA,10.5089/9781484311271.002,2cdb4d01747fb059a8d273f35e4ff1bf8bc4ce672e63573ff344254f119d2939
2013/120,2013,LKA,10.5089/9781484320433.002,0d942f9ba19a44c740b6c06011f1e70b806748b9b95439f2f9a2f4221232bf6b
2013/150,2013,LBY,10.5089/9781484399026.002,8aeda395e3e8716f1644ca570d890a459456ad7eea7304156c65f4f0eedb6e4a
2013/197,2013,GNB,10.5089/9781475563672.002,e3586660cb510f66479d8bd790ac39373578f52c21c25a0edfae6281a2ca32fe
2013/202,2013,SYC,10.5089/9781484384404.002,38e464c71cc81acbddc373d61d330ec2f053e9df27066bad33e4a0a6e0693030
2013/219,2013,POL,10.5089/9781484345078.002,38da7a95e8cba4244d0390ba2c247d2863fb2010a57730969f03d35f19485fcd
2013/246,2013,YEM,10.5089/9781475554045.002,9592d3ede9fa6507259ed48bc4d450326aeda13c6b3f93dc8b3f3835b40b92aa
2013/253,2013,JPN,10.5089/9781484389416.002,700402b4bb187eb6c30da8b343f6bb2e1a8dd992d7237af4c07d908cc50dc59b
2013/258,2013,NLD,10.5089/9781484307540.002,3f822b970609314633f6a805391da2084f190151141bda4086076081463df101
2013/264,2013,GEO,10.5089/9781484343258.002,1ea4430696d26cbcff4b51e8f1b55843027be6cb65d288392eeb8a0f249f1ad4
2013/278,2013,UZB,10.5089/9781484321614.002,19e132b38215a4d2001b7521431ef70746cd11efdf1d7141ca3370ab2849ddc5
2013/279,2013,CMR,10.5089/9781475554885.002,1fc1c9bfb99efd8356ac37848152696a6237160e481f32f05031feb29e07e079
2013/280,2013,AUT,10.5089/9781475575088.002,52a8c309ec452c654ddfb3e51401012d46baea5fdd9461baa00df67377220c98
2013/287,2013,PAK,10.5089/9781484379615.002,220600edd3585224ab81a55520e3cf20b46a4c9b6cbfc9df3982d4a8981a50d3
2013/290,2013,KAZ,10.5089/9781484379493.002,e1a44670dcc4237ff760f4fee5424ef0c3fc789f1698820ecab8e95a6c6df807
2013/296,2013,BWA,10.5089/9781484343111.002,cf1d1c95e9ec5ef40dd2e85d6bcd221fce8108521bb1bd4a9eb3ba119cfee536
2013/303,2013,ZAF,10.5089/9781616355241.002,3891a9fdadd84a189e547728a117097cf687b9e0a9b41778fdf2fbb0d042c607
2013/317,2013,SDN,10.5089/9781484355046.002,54213fdb6928439c9bb21fbbecc4e00c2399b46fae8c90cb7f9c014d94347889
2013/323,2013,THA,10.5089/1234567891011.002,198b267e638b9c7b2fae3c338ea49a62f5465d585c19707680ea489d56264878
2013/328,2013,SGP,10.5089/9781475521054.002,fc3e5674f456965b5776d9a84cd5da2bc804c6a6ea15a48f1b2ee47df2612245
2013/330,2013,SLE,10.5089/9781475513998.002,88b03539194a0a0eba57adba4c04dceaf6ff8d30fda89881cc075d3a130d1474
2013/338,2013,TLS,10.5089/9781475518672.002,8d1f40850fb6588f9ce501ba44b2fe15b151ea0a3651144870c6b660cefe7aa9
2013/339,2013,PNG,10.5089/9781475556216.002,a5a71b818bb739473041c1c5cebf81113481bfa405318a3c8805fe78a160b2b4
2013/357,2013,BGD,10.5089/9781475575439.002,56c70d28e1393cd844fbfd6dc26deeb94f73837a414decf310ddacaca6de18cb
2013/370,2013,FJI,10.5089/9781475549348.002,d80f290794cf63f97a204bbebb4d61205df81235742ba38426ba562523dc4796
2013/377,2013,NIC,10.5089/9781484335437.002,b0448dbf84ad1ddf146059c15391a572be4140a65256090fdb8d1d562f7c84a3
2014/002,2014,STP,10.5089/9781475516548.002,1d3ac14027348aa5533351567b187f66779918a4bf8d19d84551d04ac68b1c0a
2014/011,2014,SVN,10.5089/9781484370568.002,95056cf83b1052ac1617eabe36d708fc6a81771c484ce2aa800b9515a7c35a4f
2014/021,2014,PER,10.5089/9781484394564.002,0d359655960ba5759183814a10cc39704c1e2b98909957bfcbbb9b6c2605b808
2014/026,2014,MHL,10.5089/9781616355265.002,90e4384968e83460275d3ca1843c6d75ba7e29a636ccec7a7426a985a6cdeb46
2014/027,2014,CAN,10.5089/9781616355906.002,f025d16ec870e299a3022cd4f0fe5a34e8ad9ad5eea673397261f3a82f700035
2014/036,2014,BOL,10.5089/9781475550528.002,5c5b9c74ad874504fb1d257a5dae2613607647ba1a797685557728027bc28085
2014/038,2014,TGO,10.5089/9781475574975.002,7f5cbd5e990966a2dacf15f8bc1c0add5d833c858c046e7612f6406b630de346
2014/051,2014,AUS,10.5089/9781475555097.002,8003591c876e9190fb7efbd5f22864196d4eb589208c03033221f12ff9dce4d5
2014/065,2014,MAR,10.5089/9781484327999.002,5a7ef76f5ce99d4a931e3409687f824584cc48a27d3e3e5ee2790e11045da559
2014/075,2014,BHS,10.5089/9781475514797.002,7bf0a068f9f33a0c11cf324f025db9c8195a5ca50effb574c5fcc1490bea55b8
2014/076,2014,BEL,10.5089/9781475541106.002,99444923c2aadeeb946119e946a7dd43dc531cfed993164360d77464a21b9e2e
2014/110,2014,PLW,10.5089/9781484370230.002,bf6db5d570248cf8488016448db4a9d1aa0b6f8452be7584f74c082235eb9158
2014/115,2014,LVA,10.5089/9781484376294.002,1fe1cee5e60c79f03651b608f80929a646a3359b2f2e5a6febe65c046cde3783
2014/128,2014,AFG,10.5089/9781616352608.002,2edad3c0c50cad790331b95a9ac46bcbdea4cf1b88bc374cdf3f46b5efab4e26
2014/129,2014,GHA,10.5089/9781616355609.002,cdd5ac9eda1bec5ef85c01c2f6824ae1accd7365f274da75a972685bb5aca0cc
2014/132,2014,HKG,10.5089/9781498343794.002,34923b7dd790672a03a70b9f5e323451454a338c0f157c9076132c1c369f90bf
2014/158,2014,NZL,10.5089/9781498392143.002,11c6f936ff7c871c474417bec8ef73275ec629a8985f0b1cc4c4c32f0b93a034
2014/173,2014,POL,10.5089/9781498389938.002,fa1bc01cb304afa060fef7a92ebc485e45bd3e3267193c09a46c632789bff5c2
2014/178,2014,BTN,10.5089/9781498357708.002,957efabbcc9cf84a9bb3d8febf246d5461086b0cbe56a04502f1205f2652721f
2014/190,2014,MDA,10.5089/9781498303736.002,97a25997fb1989635dd7ffa210d08b0b865b420c923979f88803ea67008d1852
2014/192,2014,ESP,10.5089/9781498348157.002,381d5daaef797ffeebdcb707104f7fff78613189becdddbd95a40021fa00dc0e
2014/201,2014,LSO,10.5089/9781498300438.002,4b1ccc6cabdac862b6a6d900580dca6e0883d3a317fe3a39dc0e58758fe5e24a
2014/212,2014,CMR,10.5089/9781498342636.002,b6d89abaae20d955f675c94e898457336a662985e60c0641ef314b5c95045375
2014/218,2014,CHL,10.5089/9781498380331.002,33343e2d5a3f8aabb537371669567e778ca51eeb3ff853c629abb12cd50ef642
2014/221,2014,USA,10.5089/9781498320528.002,bc33cff6c281b99bfb8aa9cfafc4ff6f11e20cee04d60ecebc0c8b6fb8f8d78b
2014/233,2014,GBR,10.5089/9781498308168.002,5f9ebf412f1c9ec1465f74426a1546551a12dc4af8210c73b66919b9db2c464d
2014/237,2014,LBN,10.5089/9781484368282.002,65220932c827cf5e947057311b6b575d2e650bb427c35eeadd6a8cd1f680eaa5
2014/251,2014,VCT,10.5089/9781498308434.002,c9ba4809a548e5233850a1d742e9a48be8063342c4ff2966cacb28b83ee64087
2014/253,2014,TUV,10.5089/9781498354257.002,32ff00817bcbd817aed16bf0b98a75c7bef0183686e06d4cb61b2acc82f1b741
2014/254,2014,SVK,10.5089/9781498301459.002,2b102bb2ca70288b68c9149395d84c8ffc11b911ae56c36e1901ca1367c9fee5
2014/274,2014,AGO,10.5089/9781484327395.002,c5875adaddfb2dbccb8237ec4c8d1e7c4103c351328011cafbad156eac8b9353
2014/285,2014,LKA,10.5089/9781484327692.002,08c8f38ea6b2688c79baddf09ffc370cbd2186f23933221472ee2be559589996
2014/292,2014,SAU,10.5089/9781484318898.002,ebc3fd9d32e62719d59a484661f7ba3bb0d74f812b631dd353bbc535d0226868
2014/301,2014,COD,10.5089/9781484395400.002,b5b966684af38be4ac70a83bd38bf2b658125079721ade509fe9490d5245ba71
2014/311,2014,VNM,10.5089/9781498305181.002,70db03109c87d108cb0e9004b3175a93c02126579d2ab3c7752826ee609a6bdd
2014/312,2014,SGP,10.5089/9781498331425.002,ee59a24d9beecae290572a3c07132ffb4d246f24cae206a0838507fbdb360778
2014/321,2014,FJI,10.5089/9781498391801.002,dfbdaa78b7499b1e95133ec790bd3b796edb49ff177d04a61a22e2426283c4ef
2014/331,2014,DNK,10.5089/9781484312612.002,e19efa6dc4de46a137858c7f513ecff51379107cdd226e4b3a4609f1eba2e993
2014/341,2014,DZA,10.5089/9781498382526.002,173e59661167a1bbf350f2addf6ff9d24e144b566590effc6bb3b133d7570bd2
2014/364,2014,SDN,10.5089/9781498371537.002,7ec9b8f814fc4d7a3fb9eb2f75e787a34f35cc3ac196bb4b5972e4711cb7ae77
2015/026,2015,MNE,10.5089/9781498329071.002,bbc9aa94a7bedeaa2912b00f4c7de0b0dc176142ed6019fef113e5aaa5d91b60
2015/033,2015,EGY,10.5089/9781484337769.002,80a9d47833a25dd5f628ae53d6678a6cb4e971a206d9b99d342afdcbfa3ed9ff
2015/035,2015,MRT,10.5089/9781484395783.002,c5ac0a1b92cfb8e7f1432c2b6348dbff56c2d13ce622bf3c519a40a50667a8b6
2015/041,2015,SVN,10.5089/9781484313459.002,41ab02adbf69a79f7f57df8296d763a9e4cf4873a84fd85183d335a06161976c
2015/043,2015,MAR,10.5089/9781498381642.002,419833078cf771d1c40589a1b524454c058493d1c5fd600b9d25a7200d955202
2015/063,2015,NER,10.5089/9781475586800.002,6824acea86647e643c5952abda55a115fa0f6f161ae08495e7e501077df9c3a8
2015/070,2015,BEL,10.5089/9781498355100.002,70b2b15b269efa8582376fc29dd7ba87376b8b1cf90359d391238ce7803a6aef
2015/072,2015,ISL,10.5089/9781498398893.002,7c677f1187fce80bbaae281daa53e015f16ca6b89886d9e86fb492cd63c987f4
2015/074,2015,IDN,10.5089/9781484383100.002,5e18f17efba81bd2b201f45460b4138da6430ecc2f8f561a6b60f4bb2205ed4d
2015/086,2015,QAT,10.5089/9781475517408.002,295da70b51f13c5fc3bbee7b4946199dc947a98e14158b2f0dff4b19e6554dfe
2015/092,2015,HUN,10.5089/9781475546293.002,9577c64cd3b8f06be5770b435cc9b217a68ac8e5177bbec0b506714798834a9e
2015/109,2015,MNG,10.5089/9781484346341.002,7dd505e3e1a329e6b3395c29b0ff3609026bb389a1a2d41d06308bd28bef59b9
2015/110,2015,LVA,10.5089/9781484355626.002,3a5aecf22732d870f508cf090070e28147f4d8ccf5c3d2c7fa1793815565790e
2015/119,2015,BGR,10.5089/9781475586961.002,3f217c0f70151d66aea29582ecdd65ddc7e0fd44aa0851cb4307fdecbcb1c570
2015/128,2015,FSM,10.5089/9781513565026.002,9625219a8bb2c1bdc2f5091edcc35a388386181779b46734a32f09eae22d5288
2015/131,2015,XKX,10.5089/9781513507880.002,d8b722dfff31641937f01096b6a96d29619640d8504decef6be51c857de8c50d
2015/132,2015,CHE,10.5089/9781513553603.002,7d81f241bc2d648b1fb9a542366755310643088e99d3ce9237b51463346ee1f1
2015/136,2015,BLR,10.5089/9781513579863.002,009654d766e4c4bfcb7b317f5b731d154ce9c589ef489b14974ba1a7a65cadfd
2015/138,2015,LTU,10.5089/9781513598871.002,0bf79124ee7a89b10690498b130995eb0fdb10f2828ebd5aa4831a056ff30ff2
2015/144,2015,LUX,10.5089/9781513530802.002,43451c4c2d784a5098d093a2d7ead73349285b7f794682ff03e8b25a29a4f6a7
2015/152,2015,ZMB,10.5089/9781513526898.002,83430f89d9e37bf1edfb578b367e9ef8c983bdb02a41dadc667a7800aac7ce69
2015/175,2015,UGA,10.5089/9781513572413.002,67bc63c921ece39144b845b1843baac729e90c5617835fd27d97f31daacd06b4
2015/182,2015,POL,10.5089/9781513502434.002,779883ab1ca7a94aac244719c6877802f01bbdf1815c3f29e39aa7352eb99d83
2015/190,2015,LBN,10.5089/9781513567563.002,60c1c65f5af142b186fc5da558d55b6f402bc591dac96e3039871eaea4c6fca0
2015/191,2015,WSM,10.5089/9781513568713.002,d8d8728d6af091e7dbabd292023f85797f5a3acdcaea894e9a65cc74b42d2ce7
2015/197,2015,JPN,10.5089/9781513506180.002,50d112f0521d21d08c4f38402210f3d6506ffadb038ef624241510e744ec503b
2015/201,2015,SYC,10.5089/9781513542652.002,0a28a88d721424e931b6d92ae7af68c51db5cd8c97322e806f15349d750b3967
2015/211,2015,RUS,10.5089/9781513502441.002,d7864fbfb496fbea29d5395655c006245501568c37985062cf9cb7b0dce0e88a
2015/219,2015,ARE,10.5089/9781513587042.002,ac88d386bae40a996f669815df0f26b3c8be11f5258b3c6839d1a22312e52325
2015/249,2015,NOR,10.5089/9781513582290.002,b63e0412b1e85e48a2a2f0ea5b2d0f3fd30bf138389186131f11c8fca6751be6
2015/267,2015,MMR,10.5089/9781513509976.002,967950c1bd4b3387547be66becd4020c22319442229781052b3e2098dd668b15
2015/274,2015,AUS,10.5089/9781513543239.002,28b845fda81c6bdeefc32585bd1e98a87446381da08490b120ac54246259294a
2015/289,2015,ECU,10.5089/9781513519074.002,c7c6b927b0878a8879ab7495253f11e860fb2991bc5b46235872eda25e674f59
2015/300,2015,ETH,10.5089/9781513560038.002,40e399c1a58e0f5101360d52c2721ebb4e9e1c05768c39b3802e7c61f320d0aa
2015/307,2015,KHM,10.5089/9781513520254.002,555345f9630b5f988e905883b822ee26a649c483fc6ef568a05576b04bc3f73b
2015/317,2015,NPL,10.5089/9781513562247.002,10c210c459803404c8bf7e1c2bee8aabf182dec922b213cadd08574b984ee3ec
2015/324,2015,AFG,10.5089/9781513592817.002,b6dd28bfcf290628522981cb3402d3c3ac356e8e99e82c122010d0d1814daa82
2015/327,2015,KWT,10.5089/9781513559322.002,b23ebccba806f4d256fee9c430d9787b361edd48a0cd40f03968bf982a70cf45
2015/331,2015,CMR,10.5089/9781513521190.002,498160100f250f1a4a0608e6693b7e1221f71d9cad186e5970365937b82dc671
2015/345,2015,MWI,10.5089/9781513551470.002,e64f7c1bb1c8e94d2feab6c5a672071525ef036ee4f936ee7477788026d194e4
2016/006,2016,BEN,10.5089/9781513595818.002,8aed59e4aba40f2a4108c4a85c5c2485878ce02719b6799d2ef9147ff6943233
2016/009,2016,MOZ,10.5089/9781484395950.002,f43db5afc37e048cef00b0959caea9ebb2bca24caed1c6e037795a7586eb055b
2016/019,2016,MDA,10.5089/9781513587684.002,7fdf45a657ee4aa204496b540474fa5802332427d4fce60628568aac48caaf33
2016/027,2016,BGD,10.5089/9781498310604.002,a4c50d015a80da43013539e98d3eca6407367c30ade02118ea7637e5babff6f5
2016/033,2016,LSO,10.5089/9781513535586.002,f0b63c1cc0694d0fa4465ee4a030a4c0422ff8062ef5ad8f2c95eb5c7d460a43
2016/039,2016,NZL,10.5089/9781484398654.002,ecee21b317fe8924775649bde29631218edfdcb84efa96ff4cd8d736e1fd4079
2016/045,2016,NLD,10.5089/9781498316699.002,1f66cfc5c1bf464e50b8162aaff171d7ee2d2f41a028210477ce30f693911ecf
2016/054,2016,FJI,10.5089/9781513569147.002,b546ec23e0155a5c483b3324009256ec672a8fe64c38ae131eeff574f8c1821a
2016/055,2016,KGZ,10.5089/9781475523881.002,e13eb816197b0a11d568cb867193920ab9be466deffbe004b124ea8352089219
2016/057,2016,GBR,10.5089/9781498367042.002,cec6cabff2a4469b9f566f60fceef8d71e3bbb5eb00766e2f56ae8a8327d77da
2016/081,2016,IDN,10.5089/9781513583624.002,bd1f6dbd6abdf76dfca5e2de3aed23ff2ec2d69103d4b0fb83d18556444209ba
2016/089,2016,MUS,10.5089/9781475522662.002,2721f5515eca2c82d883185e9b812a0354e33db178983bd70a77a0561697a8d7
2016/090,2016,SLB,10.5089/9781498371865.002,6596e5734141370b21c6e8d90617e967c200d5e5a6c39991a6ee93b3284c1f9e
2016/104,2016,TUR,10.5089/9781484337776.002,1cd7b4312779ca5b970feba36ef14f0e36ef49409306e8c82d4b4f6d2f913238
2016/109,2016,ZWE,10.5089/9781475568233.002,f96e6b170fdde051d57d669c17a07c9dea8ba17ebc176640ca3e5459c90ddec9
2016/115,2016,MRT,10.5089/9781484346303.002,802b347f1beb7511ab0a043fa3e25814e50d5c12205e1dd7b19349a0089b97d4
2016/121,2016,SVN,10.5089/9781475569292.002,1560893de3a6ab0bf887a06ef3b1256efb9444f796dc926b8a5cd4ce82c679bc
2016/131,2016,CRI,10.5089/9781475519228.002,33530231534f383632536fe90f941850a80c684928f926189fd69090f64c7378
2016/135,2016,MDV,10.5089/9781484356661.002,54d7e6593eecae2d2d55fdd7167c5dd23435f71199b763062bc932dc5e564a6b
2016/150,2016,LKA,10.5089/9781475532388.002,147247327aa4d0a4ae3eae69065d401613d9e03adff8f12d6847b8be42683ef3
2016/183,2016,TLS,10.5089/9781498319492.002,ac0c8ddf386484bcfd0f5aaafb08e631bf38447672af81e9d8dd91e33cb202f4
2016/187,2016,HRV,10.5089/9781498321150.002,5dfbc1339a916d9e98f5127e347b062fe56e09899f14f3ca19f40cd91ae10c09
2016/202,2016,DEU,10.5089/9781498333979.002,be60fc96c33c22d88728e8c06480e905bb81d50c8414aa340dee198256b3eec8
2016/213,2016,CZE,10.5089/9781475568011.002,e6b478fc4f3c6b5438bf1f56e308934dd763e149a45011f6735a3d4b78feaed6
2016/217,2016,ZAF,10.5089/9781475568608.002,5d16e863305681b1e3eb220c0f62603de288066264e587cff85dbe4f83dbe9b7
2016/222,2016,ITA,10.5089/9781498354936.002,fd66030f001e435bfa5bb492aa505b5144bff0986116e65053767664b8cc1e7d
2016/229,2016,RUS,10.5089/9781498362245.002,375bb02528fd6c5a8a70ac3a9594b50ed07e976848a5d3e6b7f04c0605e92e74
2016/236,2016,SLE,10.5089/9781498369213.002,30f663360a76c01ba59c4be08488a82163084d54cb738ef161a1545e0df0c300
2016/248,2016,DJI,10.5089/9781475575200.002,808dfadd9ad21583921d4b0818ddeb48a7ca2c203d1bce9e0b8c5545a211ded3
2016/261,2016,GIN,10.5089/9781475520736.002,1d88594aae14f7abe5207f37f0ec1d427f005937e819764060d6a1b5a4b9f2b5
2016/269,2016,CAF,10.5089/9781475523713.002,54ef97988156c8abac54aeab0ed5a19e36dbff0c5352487e6b59fa32abfa8307
2016/281,2016,GTM,10.5089/9781475531473.002,6658a5450f9b62d5f3f8ca0dd6b4ed78b0f9dd99b0c961afb41af9f797d46a21
2016/328,2016,PLW,10.5089/9781475545937.002,c380bca2b2a013fd56e08d49f92d45c9f3f7219ab531180c555dd8d719a9b89b
2016/337,2016,PAN,10.5089/9781475550856.002,37d0ff162d492cdcd8b0013ed6d3f4aad6a4bcfccccf38e60bf9e28f415d256d
2016/344,2016,BGR,10.5089/9781475552447.002,13830a8fca2406fa75671ca6d5429e715c1bf047534fdc3cacea0259fed91d25
2016/346,2016,ARG,10.5089/9781475552621.002,f03c9b349a02ad5c309cdb68c6f61f409289719307d24483ea72c80075bd6d03
2016/353,2016,SWE,10.5089/9781475553819.002,8ba87fd78aa8febf181216be6a43fe2701868350a7c77565b7d5e89874873451
2016/366,2016,CPV,10.5089/9781475557718.002,0ea7992a009c09082bb75d393c49a4480835f380a25d47d020d120900c148b9a
2016/376,2016,CHL,10.5089/9781475559675.002,cc676c9dca59340c3376c1a0520514bd1934dbd6cea41cc54a19bde06a68858c
2016/387,2016,BOL,10.5089/9781475561982.002,e91c3f47c55c9417c0e87fb7b428d7061da31e447740f1bdb9b560824bf5b88a
2017/015,2017,KWT,10.5089/9781475566543.002,229de2d2a6a8a66f217e1274dc6fb241e02cc65940df7b0e643efd5d78cc0b0b
2017/019,2017,LBN,10.5089/9781475570618.002,41c4bf72a5b13dec47ffc3fb0c439aa135af04554df354402f30b8284ef09275
2017/023,2017,ESP,10.5089/9781475572612.002,bc4808c06cee51ab941f7a2721861b0272d43dca84d466e0647118cdaa3d4991
2017/026,2017,AUT,10.5089/9781475573169.002,1c0705fda7781d50a19d86d659c2cf184938b5dbc9f0c8b7c31f542c0f210576
2017/028,2017,URY,10.5089/9781475573589.002,ba694a22c3068528c24609e46388573924b462291e66d24cb45901fbdafbd1a4
2017/075,2017,ISR,10.5089/9781475589269.002,f1515ecf90fa41a700ed2da6deca1f77e7acaf55d7eb05879b452a5a53c968bd
2017/086,2017,SMR,10.5089/9781475592658.002,8bde1bb1c63c06794b14dcd914e60459dfd04a629b3149624cf0f0e19dcbfbb0
2017/087,2017,DJI,10.5089/9781475593327.002,4e9f347d1c0a6b20385ebaa2ea3a0e452206ee26f589313db1f7003cbfddd495
2017/088,2017,QAT,10.5089/9781475593518.002,d09922de1f390067a538f870502c1bfd6681ac746db2f341e97134bed453ed9a
2017/101,2017,MYS,10.5089/9781475596656.002,081ea288a775fdc1c2549b237604711eb152690c3397763ee7edbd3a8804848d
2017/111,2017,NZL,10.5089/9781475599091.002,6b6f91af57cc3db4bb152ac59cc18740b7ff209efa3b456e1a00384731110650
2017/112,2017,WSM,10.5089/9781475599411.002,42ab21391fb5fe83fd88f9c920192cda0493dfc76def88b1f2021b8a0b3a9a23
2017/160,2017,SYC,10.5089/9781484304785.002,a62dc4a5365a525729330ca9b7e3c2e46b877d90a265b292935d56e185385f05
2017/166,2017,PER,10.5089/9781484305195.002,d0b6e095b0c06fbcb864ad0497df6e8d1cdc27d21f2c1d44479c47e09283f184
2017/171,2017,IRL,10.5089/9781484305539.002,3abebf19c51e64614fcbe996e18b678146e928bfc60d7c5f43786456f74550a6
2017/175,2017,GUY,10.5089/9781484305768.002,7bd0232040cc3a7574268d381ea4fcf985cd145b0fe70e3b820f7ac3f039bca4
2017/177,2017,LTU,10.5089/9781484305966.002,e83b0dd315649a85c7b65a12c5d0744561c4a1e750f0bd2152c7717791a6d2c6
2017/186,2017,KNA,10.5089/9781484307342.002,a34e0373c2c67694f8a28bf4c42914f3f6dc3ea1569c684af57e7d23f24b4e95
2017/189,2017,ZAF,10.5089/9781484307557.002,0211e58620065d702c67b341cb24299bd88871962a921c571e33ccaa11e01c1e
2017/194,2017,LVA,10.5089/9781484308042.002,a29d7c620f00fae45eba1bf730103f84bcc8d466ed0693845511d4b7cc21da2f
2017/196,2017,ZWE,10.5089/9781484308158.002,8e574c5a048e28ed7fa10ec736681ab3c65c2d21c9ac42a8c11e9486472e86af
2017/197,2017,RUS,10.5089/9781484308196.002,01cc7ecf92fb03e1454bcacee272280ec6b8d8f4b7d43e0a3fce850e5111d11a
2017/210,2017,CAN,10.5089/9781484309605.002,2dfa919ea33db5f51918278396f96175f78507739863a6efb96eed481a62e436
2017/212,2017,PAK,10.5089/9781484309759.002,858cb91a90dc961beb87be60cd7c7dd3502c26b0628b357c8c5ec1653da35f14
2017/217,2017,RWA,10.5089/9781484309926.002,df8c960a89a17238d93aa6ce1bc80d533f04746ea501ef6f67d1c2b09fd2e89b
2017/223,2017,MDG,10.5089/9781484310656.002,4498448daebeba6005db7208d108010e8dd7909b840d20563434a0b0259da074
2017/233,2017,PRY,10.5089/9781484312193.002,b64a7952c873b14213acb2c66e531375ead0d7ccfa38e0ced4fc4a1acf8cc771
2017/239,2017,USA,10.5089/9781484312681.002,97ffcb9e817815e419eb46b3ff5112e9679006bc4ce18e01c4066c366ecf7cdc
2017/242,2017,JPN,10.5089/9781484313411.002,ddcc4a731032f68ac527fda46d9eeb7e8bf6049e4f1c24c9adfec9e0e6a901e8
2017/249,2017,BWA,10.5089/9781484314814.002,1963310d8774955d4edd9d6b90b5ca9bd17b6721c03a731f71d56f850f4e5b91
2017/251,2017,IRQ,10.5089/9781484314944.002,ad3b270c811a6d83f053d6c373c51f9aaa5487251a1655882e8da9ff569dd479
2017/276,2017,MNE,10.5089/9781484319017.002,771c529324bdbb4a7ff980abc0f8e84c112bbe7f2b88d0fd68a02d397ccec2ce
2017/278,2017,PRT,10.5089/9781484319338.002,c3bf268da17aa9529814c2bb58d1ae8e2bf3560856e047e4997bdd66f74edd04
2017/286,2017,BLZ,10.5089/9781484320044.002,4a29666da77fdac10b95c0f74f5ac354f766e401ec5533a660bab2af84a46033
2017/314,2017,BHS,10.5089/9781484323090.002,bbb27bf45d1a8f959fe1a0bac28d16d94fdb3af613e2c0340945ae4f7740204a
2017/324,2017,MRT,10.5089/9781484324660.002,2f132fd75decfa429d206f6a081b08fd5e435a694abd23b35c3cb22bf30eb406
2017/360,2017,TLS,10.5089/9781484331194.002,51c83c9c412bb4f8195c60fe2d0cb46ec662cd47c36e488fc8f41f5d508017ca
2017/373,2017,ALB,10.5089/9781484332573.002,9a50378fa9ee8a5649fc1f30575f13ae4970235d00d08682dd41e55ba5756628
2017/377,2017,AFG,10.5089/9781484332863.002,08902bca3793c24633a30400376f9c5bb6d4d2b265d71b4fa69c280a4da0c452
2017/386,2017,KIR,10.5089/9781484333907.002,cece8beb1241d094167cb489d09b02dc660a827fa878ee8b40d1ed8ad0902185
2018/001,2018,BEN,10.5089/9781484336533.002,c82064531c3cbab1e63dd01d5c334e3258904e87646630bedab18cc98c6b38c7
2018/023,2018,URY,10.5089/9781484338322.002,9a281c23b6a648c8ca970fcb47208816c520021836318fa25f09c2f5bfc46056
2018/032,2018,IDN,10.5089/9781484340622.002,2791225946ccc8ba688969bf2b9ce13e5a9e30764d6406ff8f28e5aad9a9ecb3
2018/054,2018,LSO,10.5089/9781484343289.002,a598dbfb4dbcce48d9b6b430cbe7459ebdcd45e320f7bd0cfbef7b1d5bf46e3b
2018/057,2018,SLB,10.5089/9781484344583.002,424b30ddcab9cb84384f728b9d10319789ff711680114dd2517e3d65f2299bfd
2018/063,2018,NGA,10.5089/9781484345467.002,0b7bc223f07be7de284c71aa4bd825e59521d2c29175898ef6ef694e409b8543
2018/084,2018,LAO,10.5089/9781484348536.002,a09fcd64d6369431299971df540ceb25c8e0ef68892cbc1077bc955c4a49fbca
2018/099,2018,GMB,10.5089/9781484350201.002,133cfb5fd51fdad7ae462a0d46c90773dddc06a2077b01e1ab86d30198e63988
2018/101,2018,SMR,10.5089/9781484350768.002,95d3fb428617f11bb86c6faae879c6a11b1dad545b357bf66433e42126ec1252
2018/103,2018,JAM,10.5089/9781484351048.002,8b65cdf826f7a119a31eb8addfa925b3a3c0d407e4cc2f8157cb2f25ea0aba32
2018/104,2018,CPV,10.5089/9781484352267.002,d65af510f621ecec80af4bbc9e7363c3599553128989fcc7b7b2e581802c61d4
2018/110,2018,TUR,10.5089/9781484353196.002,53bd6729df2bb90eb5bb79f496c296ddefec117e4943f7d0de721a9486c97072
2018/115,2018,MWI,10.5089/9781484354445.002,e022e35328061f1c2e62cadb1d97a4f32915b4e7b90a3f5c6c4c4707b909ed20
2018/135,2018,QAT,10.5089/9781484358399.002,3c5d4200205db52777ae9b096889d7b1ee1c6a60ecec43cf4066631017e77797
2018/143,2018,THA,10.5089/9781484359112.002,6c2c50f40c64ceeaca032e3ed80b211921e74f292485833fe8fff85a9e55780b
2018/151,2018,SLV,10.5089/9781484359723.002,fbe42f1a56216fea348febb6e1cb2089dc69875f9cb7fcb8bdec8fec285a6566
2018/158,2018,BGD,10.5089/9781484360323.002,81e65dceca514b4f053fa59852a0664c0a3fc21e10d9a9568e6fd16b3d6df060
2018/172,2018,LBR,10.5089/9781484362006.002,8332cc6bbe89efb0ce72e9debb34246fa2ebcc66c91906c5835e89aac0b37e53
2018/175,2018,LKA,10.5089/9781484362310.002,854a602c8007bba40e3e00f35cb121afd90fbde502bffa62a375fd619597cd8b
2018/179,2018,LCA,10.5089/9781484362617.002,d6b4b86b51f5da45ba8cd3eb4af575c7d8e372777c9c933367ea416c34eb0c1a
2018/189,2018,COM,10.5089/9781484363768.002,f1cb5320697c4241678e46b34822ce429b42773e53914ba941264af4bbc12930
2018/215,2018,VNM,10.5089/9781484367155.002,4543e271b992090f560ca12a314cd94102f6b629565120aa7c7d0d6aa54dfd60
2018/220,2018,GUY,10.5089/9781484367957.002,eeea2c3686b49b17822e76b841ee7c49f671ef5dd2504fff2e9b45dfdce82f8e
2018/236,2018,GRD,10.5089/9781484370223.002,ad7bb4e3f384fe8ce4f9b97f91bf2f62bad6888d43200b26839a72688ad36985
2018/252,2018,HUN,10.5089/9781484372371.002,db9a0e5ec9f4a36da82d6e542ea18a6eb5191f352ee48a72442f596bcd29962d
2018/263,2018,SAU,10.5089/9781484374269.002,02934be19f96c4b92216d88a680c275cc3eaea1d19246d9d775bdba0fba25da3
2018/266,2018,LVA,10.5089/9781484375242.002,8657d5fb1d71b3b5862891e937ed1f41fad470ad812deb26424d3f5fa12f4d46
2018/270,2018,MHL,10.5089/9781484375723.002,4f4df920c28623379a852c6f35f88e2279d365c605b00f790c0cbd49d9ee75e2
2018/272,2018,AUT,10.5089/9781484375846.002,4586a6462d6bb87589a2ca2b74bb0fb19daa437dcb1a8456e5eeef362a3053e4
2018/273,2018,PRT,10.5089/9781484375921.002,4888659ce0b0843208f73590ba45c1344595563689baffd189f23c03f8782fc9
2018/285,2018,TTO,10.5089/9781484378120.002,1f2820f3ecae057e4312e0f0e8e6a376f9ffc519aac7c7cba3c7bc783b3c7db3
2018/287,2018,PHL,10.5089/9781484378588.002,192259bc0e78e7d77712990101c7a90e5d9b69439ddf9d636f355587ae85eda7
2018/295,2018,KEN,10.5089/9781484381311.002,a6ca690b335c2c651bcdf8d8ede1eb35bd9db30c759fc11066a0732f37bc0ccb
2018/300,2018,BTN,10.5089/9781484382073.002,07434418369a4797be96ab2f4e411b30878b2dd025f5b3946544711c17e186b8
2018/309,2018,SLB,10.5089/9781484383797.002,49078dee7bba639e22c0f2ba9209e0cabb9dce2abcdc9a0887b2a87a7e818692
2018/311,2018,CHL,10.5089/9781484383902.002,424f71b4b2cb08fc3c3770aaba06cac2cd5755ad4c53b137cfa5e0a7917d3b96
2018/316,2018,GBR,10.5089/9781484384589.002,854eb68f0d65b24c07cde331fa9c1fcfc878f0bcfc573768012385691dedaf66
2018/318,2018,ISL,10.5089/9781484384749.002,5b717879fd8b5edb29394c55a3045dd0bceeb33a024b24b6135dd3b840da7fae
2018/337,2018,CYP,10.5089/9781484387344.002,2f956a3f2d2c68fc98f814fcf952654e850e9f7f75b71e972c445780ce2b84ac
2018/376,2018,SUR,10.5089/9781484391723.002,3d0bc373c926580ea1fcce62c409d445fb14da135c285c0e9dd2da6802529871
2019/027,2019,SEN,10.5089/9781484396254.002,89d6ef2b166d3feddec81290754e3344e484acd71b22d61b4c2c08eaf26afe17
2019/029,2019,ALB,10.5089/9781484396582.002,77138c33392aa0ab5adfb4ab3cc3f6a3aa57501d28878cfc81f7c40e8e07ec4b
2019/035,2019,ARE,10.5089/9781484397251.002,7a7cf63a2fd9b7263854006901549ef27f8a2723b32bf750638d2c57dc7876fa
2019/037,2019,POL,10.5089/9781484397503.002,3163b89c87449ca7c8e9afc56507d6f0554438a1df9cef941307ae0f8ddda706
2019/066,2019,VCT,10.5089/9781498300193.002,3f094964f56e52829e9acd14649785f825cbf849a78536669332ebb68792c94e
2019/079,2019,ECU,10.5089/9781498303583.002,08c010380aece78b7095fb3c4206ef0ed84ac749de8c95289431cfd994f57049
2019/081,2019,ECU,10.5089/9781498303811.002,208c1cec2932ecebd4029e1fdb83f9721bedb33e1998d806b5a636bb308811f3
2019/095,2019,KWT,10.5089/9781498306355.002,fcf1428a107ec468ede59c013fa2caeedefde1369fd9a3c66672739e4bff91be
2019/101,2019,CRI,10.5089/9781498310826.002,8f9c7e7275e4dc58db3f18557eada258b1b885447a8e0108d1a56f17a14fd365
2019/108,2019,MUS,10.5089/9781498311946.002,1de1b40be581c4e527d826c250cc1d2c7d95ee43eaa634c2734fe10fce24510f
2019/113,2019,LSO,10.5089/9781498312370.002,682e253ffbcf50304936a5ce543e93072d9f33f8e6ba8f7920567731eb0e2c02
2019/123,2019,MAC,10.5089/9781498313360.002,4a8464995cb88d735bc66e970947335200a26d84def6e61d33c02bd936ffdc50
2019/129,2019,UZB,10.5089/9781498314442.002,5b559aed2d6b12f47a5ebb3a4d519d600b0a3cfebf80b7cb7bf030a8ee5158c1
2019/138,2019,WSM,10.5089/9781498315647.002,334cdd947e2d2a01917da2608ecb28ec035933c011d78826b4a343728ac8103c
2019/143,2019,SLV,10.5089/9781498316972.002,3d596c3f6bff0b1c2879bdfd0895da87ed68e91616414602a07998013a744ff8
2019/153,2019,SSD,10.5089/9781498318457.002,71e91333bf99096d3e4c57098df08017d292212f58973e54739f0aa9427546a4
2019/159,2019,NOR,10.5089/9781498319157.002,368ac1c5bba2251ba5c05b8b00bd583ef71bca60a57990777770cfcfa450b5a9
2019/160,2019,CZE,10.5089/9781498319355.002,5aa6954d61941adb8616d570634c196a1439a23ca0cc054b8869dc6b2ca873b9
2019/164,2019,IRL,10.5089/9781498319867.002,f8dab69957bc1cf52c50ee7daf3c57fcf2b118e202c85c96bde6ced69ef3440b
2019/168,2019,GTM,10.5089/9781498320108.002,594f9bdc9b6c5f713d062329475390c57cf74e902f3ce2b54237de4c426e367e
2019/169,2019,LBR,10.5089/9781498320467.002,1c6327f5ceed2b256c8d7e5d3ecb502c676d709541388bace0a53bd3f3962800
2019/174,2019,USA,10.5089/9781498320993.002,3919a356dc7da13918ec4e3fdc31294866a2638e6a871d612a42f4c173a6217d
2019/178,2019,DNK,10.5089/9781498321129.002,b50f6b2b653b706216f527f9f044a846aa36b9bdc0cf04ca2a4b581328787169
2019/208,2019,KGZ,10.5089/9781498324199.002,24ac05875b31832289d0bea0a4aedf31dd70dc0cbfaff8015d8dc1261c34a23f
2019/236,2019,HND,10.5089/9781513507804.002,efecd05f39c4b251d1584b42085ece8bc0d8cc126b17f2b43d8afb106efac2ef
2019/248,2019,IRQ,10.5089/9781513508887.002,25de250fe78de37b29af638c66d7091f83063ed34c55447a7f9d63c9aaef48fa
2019/258,2019,TCD,10.5089/9781513509600.002,16ba8e7a8317d828b114f3c3c8c2c31c5a8fd31837d7cd48f5b905f809b6b615
2019/264,2019,LVA,10.5089/9781513509983.002,49f06131e1d66f339cdcad8817b6d61aafc08b6224901e2beadfa08fa0f5c95c
2019/278,2019,ROU,10.5089/9781513512341.002,f90de534cb228284711c8227e720cb4fc1dddfeeeb818073187e36b4438ef4e1
2019/279,2019,MDV,10.5089/9781513512433.002,9c16222938412e4f3efde0fa800997bc3c704275b845e91a9a21c950cba2d806
2019/281,2019,MDV,10.5089/9781513512457.002,658a0ba7088aebc4a8e0871779f9fa643c52be2501d81bfdb8bc315f26d5738a
2019/295,2019,NAM,10.5089/9781513513904.002,455a785a2f7f8836e14763ae87a2baf36f29bc204588962194c07e4938550816
2019/296,2019,GUY,10.5089/9781513514093.002,200ec098e87c42a7bdecb844922835ee4cd00d68af7be5c142dbbb5fb65200ab
2019/299,2019,BGD,10.5089/9781513514239.002,ad8ac2ad9d70b3b79057775f4debc9c1819a5712bcfd1d1b1ef2b89f03985561
2019/309,2019,THA,10.5089/9781513516523.002,1cd6042c9532ea36ca154e1f1b579ecb6cf0bb92af3b28ad8542982e0d435a81
2019/336,2019,MEX,10.5089/9781513519005.002,73b2ee7c7189c480b59aaf8cb4dc68cc0e83abd22e5e6c7ffa7c7312537a52f8
2019/357,2019,HUN,10.5089/9781513521404.002,9128841403bb71ee6be5f8e71414f046aac4ec5fb4548c1a65ac6a3906a0f8c7
2019/362,2019,CYP,10.5089/9781513522036.002,5a169d8ce3395133a47d07c13f8eea812d133b8c7af400aad6fc16bb40aad961
2019/364,2019,BLZ,10.5089/9781513522135.002,1965875d881fc207d04994512f313d03b4f709ba3c59515137df26a56b43f98c
2019/391,2019,SUR,10.5089/9781513524498.002,9bb33d734f23b7b002b43c58521e3ecc9f21a012e68c17e5d492be42f8f4f455
2020/003,2020,PER,10.5089/9781513526119.002,5a3c98bb26d61a0b70c2e0690e6981fcc0ccd477c08040fe6228024c843b10af
2020/012,2020,EST,10.5089/9781513526881.002,bc6c50582a9970e3da3943b66ee60b537f0c3a8762b95fc0fdb1401400c2bf52
2020/024,2020,MKD,10.5089/9781513527925.002,25fd402c965a888b0c40910106952d380495db1fddc23d8c7a6910a8b6a0d909
2020/026,2020,COG,10.5089/9781513527970.002,b666c17b33a3f13754fcb723f5fa28d49d8d41ee950107a053d4586197b3682e
2020/029,2020,ETH,10.5089/9781513528137.002,11cd4194e4674344d4c11feeb99e223abb5e8f22d5f0a2b54ec6a1961b6af2ce
2020/031,2020,NRU,10.5089/9781513528434.002,e8d37737d4a8aa9b4c850c4cf2b1bbafde29a1c3ee869e88a93ac172bea0daa1
2020/032,2020,KAZ,10.5089/9781513528465.002,a3c72ad3a2d46c869bab6340e44fa1069017fd7fbff1befea5bb5b058b4debdd
2020/033,2020,ZAF,10.5089/9781513528502.002,26c031f805cb255a633c2c762738639554db7bcf654a7d8c301ac0ea6758bc61
2020/036,2020,PHL,10.5089/9781513529127.002,536bb1e978caa46427c9e09694abbed89fb40e0da9deda9a3fcd886abb3a15d9
2020/039,2020,JPN,10.5089/9781513529394.002,f043e70052a0f213474ebe7868daf605d818529e3e51f6630139dc0847d4ba0c
2020/041,2020,SWZ,10.5089/9781513529769.002,029e2476e6fe58a008320c21fd1207c344deceabc02feaa075836ed4da6f4c2c
2020/049,2020,SLB,10.5089/9781513530567.002,020308616ad622f4854e502a6b5e4da7963e981d1bbf83cf5c469669ebb932b2
2020/050,2020,HRV,10.5089/9781513530604.002,745a4988b1583d0937a6af35086137829586be4861da74ae6b53590ab0c90bd0
2020/051,2020,URY,10.5089/9781513530833.002,95ff7dd449f8fd735440a7eed7b713f0cbd56ab50aed836e617ea18365327548
2020/054,2020,LCA,10.5089/9781513530963.002,015ed3eecd5a70cb3a5206d1e8512e32cb7b0e4d98b33ec550e437225ed0cb18
2020/057,2020,MYS,10.5089/9781513531946.002,668014c679b997cf99205ee692694501e1106a9e7a7ad37ef7a372e4236948fe
2020/059,2020,NIC,10.5089/9781513532622.002,0c2dcf65722c67758172b0779b2bec54699238d90f54c5a29c88035c2bd032f3
2020/060,2020,MDG,10.5089/9781513534176.002,fc4685a0ecce4c92167e5cdaad1068ecb19d9549c568827409791044ff53ae44
2020/068,2020,AUS,10.5089/9781513536088.002,ad9a7181332f77036894835478e93077f9af6e00dc468d5ee9183e01f8ee90a2
2020/072,2020,SDN,10.5089/9781513536712.002,63b0114eb216b6ab1ad31779ae77c3edb4b10e0d5ba6cd39c6e4c727aa07c57a
2020/076,2020,MDA,10.5089/9781513537283.002,8ee545c8333f2019bc415ec9c9c797ab645c2a37daefb647953d6979f947e83f
2020/078,2020,BWA,10.5089/9781513537375.002,70572d1660023291ba9027819e8bad40df8146bf49c68471509fdeebcd7c3782
2020/079,2020,ITA,10.5089/9781513537436.002,9cd27de583342109edb999f524ce6a989fb790201e2636016fea1b2e06cb995e
2020/080,2020,FJI,10.5089/9781513537597.002,de4b8229e55c5cabc988cb3505cb1a4e21a3a95a980edb2a5755b31fd6c58b1d
2020/082,2020,ZWE,10.5089/9781513537726.002,bf555c14e0f4f1afea14f6a639dff1f571bb79181f69b0d40ced797e4c4da540
2020/088,2020,MMR,10.5089/9781513538419.002,f3eef94ab8aa30555bad1ab9e0e8f2a007865af410a523797ec3a49a0c15b393
2020/089,2020,KWT,10.5089/9781513538563.002,72a7095e8e4b7db633ee947c99bbc2ea0368cd038578c30c550a82b6cc2f78d6
2020/091,2020,BEL,10.5089/9781513538839.002,203ed9da03c4f569875c7774f2c9e14d8c39aac6f96ccf9f29fa0bddfcafc313
2020/093,2020,SMR,10.5089/9781513538761.002,9538df04251747f9f90ce2b605813335dce2576150b048b6eac071ee088912a5
2020/095,2020,PNG,10.5089/9781513539706.002,5784c4dd7d50eaf8cc9b519d128d1b7a4ccc35beeda84c5cc2e4e564972565aa
2020/098,2020,MLT,10.5089/9781513540078.002,2cf6fb618843c771a99bfe079d2cb90674e5d809b2a6f99637ace77d2a27b855
2020/101,2020,JOR,10.5089/9781513540306.002,66587f1066f59aafcf2ecdcb7bc349c74662d455c6ce1c00115fe089682c67d8
2020/104,2020,COL,10.5089/9781513536965.002,988ba679a606d14ccb1e132f5a01932089471c2686fa8af6ecc47782a95c6ae6
2020/116,2020,SLE,10.5089/9781513541273.002,41471f1221a0ecdf06d104031f36c6c1997822893a9300feb343fe4bbd826aa1
2020/121,2020,HTI,10.5089/9781513541464.002,36f6c90388dcba1b439dbfe690b11123b195d338e4adc39f2917dae62c1fc7e3
2020/124,2020,PAN,10.5089/9781513541594.002,aed541e78d4785437350194513432a55948513046240b939edf8a0dafafb6c4c
2020/198,2020,COM,10.5089/9781513547138.002,2e75654a45222b3de520f2ca4eff893aaeb0761ec706b31f62260527ad7d796c
2020/241,2020,USA,10.5089/9781513552835.002,fb2fadcbab662e1cdd0b492879f6ab8c5afed95bc1f5e177e952ff7c06389036
2020/298,2020,ESP,,5b196073749c7deb4641103033dbb376a4b9442d1fcd91b187995e319e518530
2020/311,2020,BRA,10.5089/9781513562674.002,54f5b6ccc5bc5b6e8af4f4385f794ad7f57f0e7dd3cb8265a88d34defad255bd
2021/015,2021,FRA,10.5089/9781513566894.002,dba0f90cd62e5ce7eca6a645d6a18874899446534b205d9c261847528f8bbc3d
2021/020,2021,ISR,10.5089/9781513567099.002,f1353aea1ebca41c5e95b89dd32420380436a07a4862bf510c34475f1988c21e
2021/035,2021,POL,10.5089/9781513568577.002,b8dee890b4dfb4c930eac2adf450b2a40d16dfe9b6b19b259dfd2ca865dd52c8
2021/038,2021,IRQ,10.5089/9781513568904.002,3f7861c4022ffa4ba57102f3691b1afab0abcc5dc49b7511ff0ab80ee1cdf7d7
2021/042,2021,VNM,10.5089/9781513570488.002,46f15a6747c7627ee1028b35cf0e99c2de37e626e8e19faf48cd974734ecbe18
2021/044,2021,TUN,10.5089/9781513570600.002,f6f6792d2a60e7f65f92a9ca509ee7a8cc73a13c4074c97caf06e6594ad7c16e
2021/045,2021,PRY,10.5089/9781513570785.002,1d042a8bc82e20b4ff082db493d2cd36a70a9fcdd76a65a513433e90bf033dd1
2021/046,2021,IDN,10.5089/9781513570853.002,564f2077d2869aaab3dda0cda2286e9e782351f3d4c91600abe6b910e2b0be5a
2021/048,2021,CRI,10.5089/9781513570921.002,f5414d729074a203556f886bda1c0c647ccaf72e5ab92ebb7d2491f0073f7d5a
2021/061,2021,SWE,10.5089/9781513574684.002,3d9ea8684064ef8119c7d1ef418f2586305855ab0eb2f8e313213ac3bddcd4b2
2021/085,2021,UZB,10.5089/9781513572918.002,e236209824c7669c53149f5f693d80fd5aaf6344395ccd81b22c9b7a6183db35
2021/088,2021,NZL,10.5089/9781513572949.002,e3823a3dbcaea77888d4fb426ae4ce714feb47e71f04a4cdaad64928c9677b39
2021/103,2021,BLZ,10.5089/9781513573113.002,bf20916befec27df403ee196efce6e16f7039340d955acdd1a052ac93c212237
2021/104,2021,NOR,10.5089/9781513573120.002,8a79ba09b1ab30fee89d3364103377a6e231d7e510e906a6b6b9f03d02115705
2021/106,2021,ISL,10.5089/9781513573144.002,6cd85b05f4c141d91c9f07966de13da15f193b6d4ddad2a4bbb25d9c6d22cdb6
2021/107,2021,AND,10.5089/9781513573151.002,505f13f0a77bf6e9cdf611d4055a449734bdfe36b42c0b25f362fc571e7089cd
2021/111,2021,GTM,10.5089/9781513573205.002,0e72e3dd0d0e290dc01a1ff8e5c49733408661fe6ef2f403a891f431120648cf
2021/125,2021,CYP,10.5089/9781513587646.002,4b64616ae1bd0aa9b658560214e35c3861d19db14abd5e8617c2dc58388de33a
2021/133,2021,SVK,10.5089/9781513587295.002,5ba5fce0ec2c18104dc0bfc2b47aa7998d6fdec24a9bcc068657bc6fb0614bfa
2021/146,2021,GIN,10.5089/9781513587790.002,2241ab02a95762ae09b53b8ceb94799a21088be3c81344384a382d077a23adce
2021/149,2021,SAU,10.5089/9781513587424.002,3d8b487b5c6317952367eba5dc1a6bcede8f0f60215f7dd19d8c5f546ef6d307
2021/152,2021,TLS,10.5089/9781513593258.002,33a4f5007188339572e7f9e46c2043ef74d53f481a98a2295d6f3891aed78dce
2021/153,2021,DEU,10.5089/9781513594439.002,4371b2036955f78d6d8a78eb7d64d3328c0322225811e0a281e8511898200299
2021/156,2021,SGP,10.5089/9781513586038.002,f0db7689ae3297e4d3fa71dd280fc3c70805723de2bfb5e334d3be9425f7857c
2021/162,2021,USA,10.5089/9781513591810.002,b500020368f57ef3229e4eecc37a79e52c2c337fb0a30cafdd174389edad3460
2021/163,2021,EGY,10.5089/9781513592046.002,29a63579789723816f1e4e4a5421bb71bf2a4dff961a54118291cd79d946aa0c
2021/169,2021,DOM,10.5089/9781513589411.002,4514255cf22384a298ad3726a6b281cfef7d01febca4b17128d1b902a0b41dbe
2021/177,2021,PHL,10.5089/9781513586519.002,e28eb38746fb29d9bf14eab4c2bee64405f2ad0a5a2fa81e7459b3fb9abca038
2021/192,2021,LTU,10.5089/9781513593197.002,2110f8f0debe67e87f94d684936bb3913545b159f5d2a789e7ee1059f89596f1
2021/194,2021,LVA,10.5089/9781513594293.002,930ca341f0129f4333dff1de9e68076115e5e3f24ae7609cff325a9230f54bf9
2021/195,2021,TJK,10.5089/9781513595566.002,0abe1a569d82130727af25c41433e5e3aae6e0e7ab7152e9dc828b796d9bd928
2021/196,2021,TJK,10.5089/9781513595610.002,e5fc5abfd7dc65f5bf31d0987e8f90834ec9e69a8ded945492f7eeaab10a5f59
2021/198,2021,TJK,10.5089/9781513595757.002,1f0bc4ad14cb1dde4738c9de6c10df859193259b0a1f97b36ddbc19b2f40fbd2
2021/200,2021,TJK,10.5089/9781513595931.002,9fb26ee1a8f4c7c208efd2d8fc1ba5a989afec6843d1fa91823987f563b7416a
2021/215,2021,GEO,10.5089/9781513597751.002,f056897683955def700bbd0b6574817ba507b7946bcabcbcfced22c489508b01
2021/217,2021,BRA,10.5089/9781513594910.002,a2ea5c6931f398bae660623f32a40493830d66fc7073b1bf55308f971f61b7e1
2021/225,2021,COG,10.5089/9781513595511.002,f5a39187ee3355460b7f3ec5e19da5ab9f0cf52be2b2805afd97d6b225fbeb4c
2021/240,2021,MEX,10.5089/9781557753144.002,9c03fc21fc5d479dc8ed5bf769bf5850d8e515bf8e85376e1c98754ebf8eb948
2021/260,2021,KHM,10.5089/9781616355944.002,36caf0e9a3b3786cf673b25322f14ed58fc1470ffa81cd0c0932ad32cb780b0e
2021/269,2021,MWI,10.5089/9781616354886.002,4d85b1a323e6fc6e455f52c82a46c73f25d9f60b21f0b9f0147cb52158185353
2022/007,2022,RWA,10.5089/9781616359287.002,7a864fcbf9be4d1c9e1f9719d4eb50c8c524756a2f5be07dd51f49c8f4d427e6
2022/011,2022,AGO,10.5089/9781616359539.002,a6b8187cf366790440f7c2456349615606b47c4949bcef9c3e25f8db593860d1
2022/014,2022,SLB,10.5089/9798400200106.002,6181f0ed64b4f5731fe25ae594cd2a511aed34603d42433f40c4ffb61d43111d
2022/016,2022,URY,10.5089/9798400200236.002,52084c9851a0c3ab385b441704ee0b939c2d221c58403fc51a04524b1ccc569e
2022/023,2022,CZE,10.5089/9798400200182.002,f96ec3e6e257be9e0f0bce08718cec266da9f1b30c13d84e5d6743bf461fdd38
2022/027,2022,PAK,10.5089/9798400200212.002,8d69f6d5148f396e385acdef79b320d26729ed569a586f1b10827a9eb5088122
2022/037,2022,ZAF,10.5089/9798400200250.002,761217dd8b262a382884f2dc71ffcd978019d98c209ae50ec64830890192a084
2022/045,2022,ESP,10.5089/9798400201370.002,50b27824fa8471408fab31ecd3922a220a4af6a3ca1cb025c9874b4cb38c526a
2022/050,2022,ARE,10.5089/9798400202834.002,aead2c6c37bce4d8c72659c13bd379205240c2e83964b70799e40e71904ed119
2022/056,2022,GBR,10.5089/9798400203213.002,6edb782942feb5470eaa1292106a93063acc97adfe321d949d503630e381add3
2022/058,2022,POL,10.5089/9798400203688.002,ebdfff536e11117945ddf1c59719e8e3f53144f45c7dc9843b2f613fe829e3f1
2022/071,2022,BGD,10.5089/9798400201943.002,9be821d87b4b7999c5531fb4055fbfd0c40bbeeb007b46ab0d0fd10baa1d19c8
2022/084,2022,IDN,10.5089/9798400203886.002,c48764d01704d743413e0f548242a1828891a7bd752f8872d13c30d68c038a40
2022/089,2022,KWT,10.5089/9798400205736.002,d06564b55e995cd7c2bf7048f5b014a5798d80a8882978d1ff66c546b7d08710
2022/097,2022,COL,10.5089/9798400206115.002,fc6691ecf04e56293204abca1d7cde128cde1c918b309bb68c119bc073a6399d
2022/112,2022,ZWE,10.5089/9798400209086.002,ab1074a3e42dda20fa010eead02f5e3479203dddf66e336dae0f8300241fa184
2022/113,2022,KAZ,10.5089/9798400205040.002,b8be40801bcb2087ebd6a83d6bc241bb526501bddab4f84c4f7efc286086e96c
2022/134,2022,GRD,10.5089/9798400209857.002,e1d605fafa3ea727b8c53464b7d5d7a01ec054fd0205af4a3156e04739c61310
2022/138,2022,NZL,10.5089/9798400207242.002,c201559b1e147979701db54baa1ca3293111803a80f78f2f0c04cada8eff4bb6
2022/151,2022,CYP,10.5089/9798400211591.002,6614968707ef46b1d0f0d9ba217888cb43832c00d8e73a953d19c0590b0c173f
2022/171,2022,CHE,10.5089/9798400212956.002,dc35179135cdfdb5f3026f954e57e0e4efd7de3737569c8ebfae93b41baac6a6
2022/196,2022,GNB,10.5089/9798400213045.002,b2438b194cbb708874febb2d53b6226a3096cca18ab3fec68e06297572bc1327
2022/203,2022,PRT,10.5089/9798400211034.002,6d9759ec1d46d91ece90e3d67bf9d461e4538ec0f3d71354f7aa93648f91e171
2022/209,2022,VNM,10.5089/9798400213786.002,453ab664d48046fa94913e3933f24a24f484c2e1cc8d2adb94c224d46d8912b8
2022/223,2022,MUS,10.5089/9798400214622.002,b7d8238a5858d77c98a090616ac4027cdf9d674c728687e17cbd97f2afe11056
2022/229,2022,DEU,10.5089/9798400216497.002,69699a9d44738c98cbb5c6424f05b2d67723e87a834088efc59da1e1633c63fc
2022/245,2022,BEN,10.5089/9798400217777.002,9009b7b8f0277ca02a1cc1c878f8a1dc2f2725a3157651ae9bc2eea685a7ea46
2022/249,2022,SYC,10.5089/9798400216367.002,45e3c364af07aa7fec32e424f05df377b7b3d7419c038090f1e56dae377542f2
2022/255,2022,ITA,10.5089/9798400217708.002,69b7a7ed8f53e1cfc4d6b6b55b8dc548ad1e378b958e9652c83623d8528d2915
2022/257,2022,BDI,10.5089/9798400219122.002,e69d7bba8d7b051d6eb44a05a5d3191ef7cec9ce03cc8cb644dedd124087dd1c
2022/266,2022,SSD,10.5089/9798400214875.002,31fcebbf6bbe36269cc454122cc90a594a3c544ef382cbc22993318f3135c576
2022/282,2022,TON,10.5089/9798400216855.002,009ce929efca9a87747cc156c05f5324670551120f9d8cd4987e3f0787c91b73
2022/289,2022,EST,10.5089/9798400219061.002,81db987ed9760133ac8025d1e63d61a57522b567c76a8065b14c449217ef77e2
2022/307,2022,TLS,10.5089/9798400219627.002,aacb683964214362368ca4c88855c554db554636d9b95dcfb6c7441bea4b6794
2022/310,2022,ROU,10.5089/9798400220180.002,aca034aa7ada677494e4b170ef4522a1409e1df568a3369e10841c9afe4cebfa
2022/343,2022,OMN,10.5089/9798400226472.002,df3107932c566f393a612ce11c33d2d6c53da2f18605d16fb3892511f53b5aa4
2022/361,2022,CAN,10.5089/9798400226939.002,ddf0ee73b5547d1ea4a70f8917b607c81434c754a33f65f5a4c495811d24ed5b
2022/369,2022,PHL,10.5089/9798400227103.002,7367f1bdcbe8b4a145854a4e2f7fccc30b48af477de8490bc84bcd277dd73d35
2022/375,2022,SOM,10.5089/9798400227738.002,083d0caf45c9eed137949b68b4d427df386275dc82a757ddf84c537a831a8a99
2022/386,2022,IND,10.5089/9798400228360.002,b1d56d70d6547b5d3ae5702d605b64896f69597af1e9644448a437f641f6f586
2023/043,2023,GIN,10.5089/9798400231889.002,1b3da67408532f2b4ddf0939fb2a8f2a92c0b610c932b1c34cb67a0650e7daa7
2023/050,2023,AUS,10.5089/9798400230127.002,498fe057a4fc1c43326872e138f6700ba7fda75e4645c5e698b3b27171a90fdb
2023/054,2023,XKX,10.5089/9798400230714.002,ba48e968d3a778a575531e35edd5c9b00bc6bd7119d6a76678e4cef9d236f854
2023/056,2023,FRA,10.5089/9798400232336.002,84ba68caadd129e2537c93d44f622e939fd5a64840086dd4cca221abee1e0cb6
2023/075,2023,IRQ,10.5089/9798400229305.002,7227651f029a20454473aa34aec76915d4b1f02bf568b227f051d56d2b9dbe78
2023/091,2023,KGZ,10.5089/9798400234859.002,c9ec334c575e3488da12bb00294d9d24e5d655832c34d21932840a0cb9438a1b
2023/123,2023,PER,10.5089/9798400238673.002,a3d36ec5a6eed3e97907585e4ec19f6e9feaca0e9f97ee3734e376ce8c456465
2023/125,2023,TJK,10.5089/9798400236624.002,632e7bd36fe3617f99a0bdc81a11780f88d186047524f9d5813436e4ee8905b7
2023/157,2023,TTO,10.5089/9798400240836.002,940e58da5ed02b92a30701c98af99edadbbb21788e4ef451a74cf32d32c95e5e
2023/158,2023,NPL,10.5089/9798400241222.002,60d96f7accd742ab0b2e2e24ca16f199f8c988763841631c65d00359fbad74d6
2023/172,2023,GTM,10.5089/9798400242939.002,01850883ecc4b256d7bdd5059c8f36c8ee219c0699f8015a92ec8fdee6999ca4
2023/178,2023,URY,10.5089/9798400244155.002,5a7d42840a2b4ef3ed9955ffa39aca4156ea8b84a80e6621d28ba501e51132e0
2023/185,2023,MYS,10.5089/9798400243820.002,a7883f63bd01b18d8e3db6c8fdefb15a9f93c2bbe3687c906fa8068389e9c5a8
2023/192,2023,CYP,10.5089/9798400244841.002,ee78de5f48dbd88f51bb26c7aab26758bb3526eff1b464bb1a6e796023b2b2dd
2023/194,2023,ZAF,10.5089/9798400245312.002,0a6f2df5ce9b5851543e32f2a1b2a2407b28acf7520329a20504abbb9a3b8d80
2023/201,2023,LBY,10.5089/9798400243578.002,c7459294f7788eee38838957d534bb63486a5ee8b21ee981c934045199481386
2023/209,2023,MLI,10.5089/9798400245985.002,03ff71c8129d7ded2d6ea7ce59f551347f139f55ef56eb04904e076cd92e2670
2023/218,2023,PRT,10.5089/9798400246050.002,9128ffd9cdd07f7c9063ffb16e3cb47ad3517d49515a3db2cccf97f27f5f354e
2023/233,2023,HRV,10.5089/9798400246760.002,f2361d06d7831df60b263f85bdfe22ac42ba65cb71823237680189c5772876f5
2023/252,2023,GBR,10.5089/9798400248627.002,f1fb0c0a202b83f71384212609c705f4ed92e54629bd426698352c4ba5a829de
2023/256,2023,ZMB,10.5089/9798400249761.002,99ae697868eeaa951b2054d16d7f7c6681d614dd23ecbfc65af9d60a2ae24d76
2023/261,2023,GRD,10.5089/9798400249945.002,148ec74d9ba926d6c8de7ae95c95cef6fe64c84f0eba3a099613ddd02ce6dca4
2023/284,2023,ABW,10.5089/9798400246449.002,3b3baf71abcb7f2ea19ff5627eb140c6b0283820c50992a0947ec9c65e14a18a
2023/286,2023,CAN,10.5089/9798400249891.002,e2bac8af0668a68499b77ac948f214d1b4e1631dab24bfbad199f9f6e47f4e07
2023/288,2023,BRA,10.5089/9798400249020.002,bc7685d0ed8d1531424d6a831f87a4e0b897c0e6f628e352e41f7459128cf706
2023/303,2023,TUR,10.5089/9798400251139.002,884db2d6dc24e25aaf6458223fe4189c0d5282a20be59c2657ba8c37e10d3703
2023/314,2023,SGP,10.5089/9798400254994.002,6fe4ccf3a306482d16a13767a08f431ed9b88ec97d04fa7d1bd7c81c35e7a7bf
2023/316,2023,LTU,10.5089/9798400254048.002,bd870b1020476fcaf894939c39ea8f2946571adb1157c4ada79345ec068eba7b
2023/324,2023,BIH,10.5089/9798400253270.002,1f9d7b29968d6264eced4f8047375b71f5500bbabd4a7eb401fa1febcf28b175
2023/330,2023,LVA,10.5089/9798400255212.002,52f738fc0574c878d1657f17f1e83342d3320ae181589cddba26c57aaa1e0625
2023/361,2023,TON,10.5089/9798400258800.002,aa093e9a932525dd4686d21ba9bee5ce4e06d7318e5456a3ac4869f1bb43cec1
2023/376,2023,NRU,10.5089/9798400259678.002,5275b30fc2601dbdb2801580a11027d3454cbf8f66960773ac544ea25f50cc3c
2023/379,2023,GUY,10.5089/9798400260384.002,b93ab0b63cd1ee32400176f4292c3e601b883218484c22cc2ddba9d1b14b0e84
2023/395,2023,ROU,10.5089/9798400260810.002,1e9c7472d50dd52dec7c452a56708d713352493cd4ea60abca77d2992305d4ae
2023/411,2023,IRL,10.5089/9798400262920.002,ab517d8348f085f8ab9ccdd11978c6a505d6cfc768c345815d7d86f802b83256
2023/414,2023,PHL,10.5089/9798400260551.002,3b4f890fa0272764bb92881ab45e9ad1e17aa3917c87e56ba27e4b3d6248eef5
2023/416,2023,ARM,10.5089/9798400262418.002,94dbd3bbfc6708ee9d9c7b9b139d5f08ad70435e26f9408b6241c3430e1376fb
2023/428,2023,MDA,10.5089/9798400263811.002,1f466a7b24c281ebed2f98569f55b8d06fea8fb7f9483333e45b70a81bb553da
2023/436,2023,BRB,10.5089/9798400264153.002,e31f74d241c001e916f69532922a68a0117e610796ef4912a0c6ede5b579b820
2023/442,2023,CRI,10.5089/9798400261930.002,a62e0550a8f254e40ca76ad7fe93943448bdd7a745f92b1aa13d7864ac0be5bc
2024/011,2024,AUS,10.5089/9798400262364.002,f7e84dff0aaef92099e4ea6c46b0ffe7d42e7505e84e22008cc490a9628baffe
2024/023,2024,GRC,10.5089/9798400263262.002,5983eaa26096d0db41380de2ee2c57b0b571b775613df7e68fc3f5cb552067be
2024/025,2024,GNQ,10.5089/9798400265181.002,6782ed0a420a42d6766796ec7ac4e1e11d17a5ccb270d64fd61568df3c274531
2024/030,2024,GHA,10.5089/9798400266768.002,386bdbd9325ed06dcb48a86e855bd3f5fe0048cd3f03bcb9fb91df3b261fea38
2024/035,2024,THA,,1f2a841dd5af398076e750b24e9c18a37ac1bf833cc9f0bd4597d65f1a813187
2024/036,2024,KHM,,7b701550a647bd0b92c49cb64fb60300b757b23e2b192c9858e511188efe0d90
2024/039,2024,BHS,,46b3b8cbe978d93f97bf4db695b734bdc52ed8733291805ef0f60504cfa3bc46
2024/045,2024,AZE,10.5089/9798400265785.002,9c78742a33c5e55188008d99dc29617520d89a3e9c6cf5cd913dd87ebc5da42e
2024/056,2024,TLS,10.5089/9798400269660.002,60f21c99a3ee98dacae920796b02a40c27af91c2716c93144e6c187f9de424ef
2024/057,2024,AND,10.5089/9798400267680.002,150218d3dfdeab02609202f5d46c33434fa5756becb9bf26d896e98c514a2e5b
2024/069,2024,JAM,10.5089/9798400269417.002,bf4b82e1aa051c4c86173fff8aaf1fdbaa31148fae3a088487b783cf9c2b8afb
2024/070,2024,SWE,10.5089/9798400270185.002,aac059936365e13936003f229bd2d7435845d705d6acd3c034725b0fc80517a4
2024/099,2024,MAR,10.5089/9798400273551.002,3e710a3f7cbc3e5a3de48328880cbe61dc8525de993023ef85525d9e599c9a9c
2024/126,2024,KNA,10.5089/9798400274183.002,25a587f28cf1885e8c3d9865a27a57ca2f9424538c699503261205474fd31da4
2024/128,2024,IRQ,10.5089/9798400275357.002,0c0c2d66df5a63440cf2c02286c57928ed34057b2963bbb4d1ee1574b4038aa8
2024/139,2024,MUS,10.5089/9798400276392.002,e7a0a98f76f23f68e94ad5b0d04c8b4c6fae1bd2eeb454380e1aebb09f877a81
2024/144,2024,GAB,10.5089/9798400277801.002,ddfe73415c4cde0f2fa8d9836e1b7710eca8eddb73c5a12be0ab633a79f9004d
2024/148,2024,DJI,10.5089/9798400277917.002,9fc4931062d36e63dbc2d95ca99a20098c6c449e5394493a466cebb3dc39d1e9
2024/155,2024,LUX,10.5089/9798400277894.002,0d86234164d721117593f263a0ff3a5ad2058bd6bc033d5582766399ba0a54c3
2024/177,2024,EST,10.5089/9798400278303.002,f36ff7bd2a17c71cc136915619a837c889580e9fcb8223032aed2840484ba685
2024/200,2024,PRY,10.5089/9798400280030.002,8faad8adfbea09bdfb0515bdf4f6d6eb4baca0893a98b71d63b86f03d84bbb25
2024/209,2024,BRA,10.5089/9798400282898.002,1344176429b4ef6cbf6be8cc5950ee64b8947269f758d94c33d8403182193f87
2024/216,2024,FRA,10.5089/9798400281280.002,4b7b317037c81465d8e9f784314a325dadba05e15da316f42a6802d4fb52d8b3
2024/226,2024,COD,10.5089/9798400283185.002,0920b3747f081716ce65ff4ec24e6b32782d8aacdcf6e4de31d5dcefa3e59658
2024/239,2024,VCT,10.5089/9798400283734.002,f6484234621a5c41606453605af1d2b8ce594cea66349d8d6849b7c3f8260170
2024/242,2024,LTU,,50881d8ae7c35b7a04cbfb359d9f52135f3b440241c4b764eba62d17024c5b9c
2024/249,2024,BFA,10.5089/9798400284274.002,4e3802c4241ef403de81576dacd49607063da70dfbe2f5cfbb42947be77c540f
2024/258,2024,CHN,10.5089/9798400284281.002,2bdfb7a328c24a5792aab8842cbd235cab738dcd5ac1c665f23b627034442412
2024/278,2024,VUT,10.5089/9798400287589.002,444f3243bba478008b110cd9b122474c5bf695946dfb9c1a2e0574f3386b3a6e
2024/284,2024,LVA,10.5089/9798400287800.002,258ca9a6794601a216b0611c67fdb180a6bcf01188026aa3619b8b55eb2ff6bd
2024/299,2024,TGO,10.5089/9798400291203.002,13a74211bb9812e6940ad2bb1e72e0fd2ffacf1d9d8cbb29f7f7c7cd9519d186
2024/301,2024,BRN,10.5089/9798400288722.002,3de5bccc0d55030ebd6c49c58369df1784c79433535d1c67b527b67b01dc5568
2024/306,2024,VNM,10.5089/9798400290404.002,d754674b2a209dbc1d04a043e717b3a571a39bcae2c6f3e094faf38d18a7e2f1
2024/319,2024,LAO,10.5089/9798400293283.002,1417ed2dd801d894a0cada6c5eb7d9c8d126ce4bde422d2a992c2b1a749399e2
2024/328,2024,KWT,10.5089/9798400294303.002,1780e31aaba8c5081600e86ed3989aa15b39dfc25b3d2b347ecddc0c22699653
2024/338,2024,BEN,10.5089/9798400295195.002,152a0a53ff15a7aa97751834ce47f71d0b9405e4f77fa6175acc7076c8609712
2024/342,2024,TLS,,8de4a7c86f6c9c5e75c6a4a50db765cf911a7a7e2a99a20302ffc9eb0b3bcbb2
2024/351,2024,PHL,10.5089/9798400296246.002,6f08d9f1eb3329e63ba4ca7d5dadb13e2e4228aea3acae66f61a2a0f39a1f91f
2024/360,2024,AUS,10.5089/9798400297120.002,6eb66bdf6d3e3c8f1668d9222bb11bed688363965a63c1b1d9615f0d3aff9382
2024/364,2024,XKX,10.5089/9798400297250.002,a15aafd09e70a9b366729e99b940283c436171e89915238b344317cde8874c50
2025/006,2025,POL,10.5089/9798400298813.002,97c6a9605922a65630608d0bcfdc622e061e2d7e87ef5d6bdfcea2d5a6264a65
2025/013,2025,OMN,10.5089/9798400298318.002,b3c7345e86dde8db38d6ffbce5f10b76d64361db7e1d499fe4f1ecb73194501b
2025/020,2025,ALB,10.5089/9798400298936.002,d6f57ae2741aa9850639e05daa6a4e6c83025d2e900d5593c9ef114a47b4c5a2
2025/022,2025,KHM,10.5089/9798400299711.002,52c326ac5652f648bacd8e290af6cc9d2c5827081c83132e7eb1511e6eb3bed0
2025/028,2025,ZAF,10.5089/9798229000048.002,a0ba91e11620b029ae4c18ed1462ebf4af6f0dfb9a46283c673e8e897336bb86
2025/030,2025,KAZ,10.5089/9798400299483.002,199157cd7838bc75031f11c9fd01910228018f1b32b937f31c081ae1027d2ed9
2025/037,2025,CHL,10.5089/9798229000321.002,28a0d831dbf7dd029d99b9371a798471f89e7727ca425cc81e53aa402314df51
2025/039,2025,GRD,10.5089/9798400299544.002,fc698a02261f0c8a683ff6cc6ef4b46c32d8af3b4a8a326781d39812685d67e0
2025/047,2025,QAT,10.5089/9798229001069.002,201f4bc7cc5ed53f7ed609d90d0b566630e249feede6e44c8d7af29e03a656bc
2025/065,2025,LCA,10.5089/9798229004060.002,1bb537fc4510d3713518615c5da994a053b518433683223459f7630b39808e32
2025/067,2025,SLV,10.5089/9798229004220.002,67f05298be53a0d31548f704624444082f58321837fb9f45b1f2ba849c642ff2
2025/076,2025,LIE,10.5089/9798229004411.002,4ec9919e76b687488984d555a83008ec079d43a9c15dfaa670a323a9bb83d3b8
2025/079,2025,SWE,10.5089/9798229007566.002,4cf9a1c3dfb0a6f1ebecf5d1e586b8c23e3eb389344d6f31a89c8eab1b7679c5
2025/108,2025,CRI,10.5089/9798229011327.002,f50fe2cc335a13480f3ffedae3a924a80472f12bb005ea9c13b464345d125dbc
2025/123,2025,LUX,10.5089/9798229011754.002,e11e45fad39e6df53a908fac3d539d2afb96c32f71a1fc49419d7b09f2d9f44d
2025/132,2025,NAM,10.5089/9798229014496.002,8a368e72521fc9f78e0801d07133877a3f126ee7b5060b8c8b11591c0a4bf9ea
2025/146,2025,JAM,10.5089/9798229015363.002,595150fa55806397d99c1cb60604dce27472e0fd4e9a714d7648cd2ba0315059
2025/163,2025,TZA,10.5089/9798229016483.002,7476406bf48be91f06040535169928db403cfa08767160ed50f4054365cb81b6
2025/165,2025,DNK,10.5089/9798229015899.002,daccfcdfedc98762c03bb1833b197e662a9e2188f598d04210598bd0c89c0e79
2025/188,2025,ETH,10.5089/9798229017541.002,257e3e16b05d17cc699c9d92d71968cc0fc012e86949b9400a7d7c3c00c0f0f1
2025/192,2025,SGP,10.5089/9798229017930.002,9fac7030e439c356aec35e025b1dba65b38462d1920df2a00d3f7ee6c31b4cf7
2025/194,2025,BRA,10.5089/9798229017602.002,ce55fbb4004407c5bc727b4568b006d92b0c81ab385971e8d5340552d5011e40
2025/225,2025,ZMB,10.5089/9798229019378.002,6be8083bec93e04ce06ab3346c24f7bb93a103a0ccf2a0975b1c21ab3da47953
2025/228,2025,STP,10.5089/9798229020152.002,a31101cc1af3c48eba23d7e5383e38432ad13a54365742f69a40b41fbc61c1dc
2025/248,2025,NOR,10.5089/9798229021524.002,000e19ef6365e43eeabcd6b42c02b58375b6f7b263c605701bbb2e0bd5cc5be0
2025/252,2025,BIH,10.5089/9798229023283.002,bd8dfde0df9bf8f45a5ae1d2d447253e82b08e2532703f48683958ff8862e6d8
2025/263,2025,CHE,10.5089/9798229025195.002,28fdcfe088b3323947cd5572a11111ca4a642896dcde36d5be48b862ee0d6319
2025/277,2025,VUT,10.5089/9798229026833.002,c839648da9930cd8b1f40b47287344d8196bdabd9f7d42dc6c17b431e8e1d77e
2025/278,2025,TLS,10.5089/9798229026673.002,8985cfc5cd34c20dd6c6cf85232b55bcd48bb6de988bcdfa6f97105a7d8681c2
2025/279,2025,SWZ,10.5089/9798229027106.002,21dd46ce49c0d4c62a1fdd5103fb7a441290f7cefedaea788264a52e5e186983
2025/280,2025,COL,10.5089/9798229025713.002,ec3a4deede83c11818e1abd69a9b0d980498888f67587144f21f640fe5385ed0
2025/286,2025,MEX,10.5089/9798229025140.002,b759b01f76fb981706981224209838eb6bb522e898081eca097c5dedff07d968
2025/294,2025,ROU,10.5089/9798229031547.002,a0468deb1017c088747bdde87c606b4780791a84359c4aaeee0fbe410d5b66ec
2025/304,2025,MNE,10.5089/9798229030076.002,ccb984b8eb46009840587146a72ad42390d50ed1bcee832ddf4c0f6d7f1b8329
2025/305,2025,DOM,10.5089/9798229030816.002,04441e96b778dd6c736ca83fb5c83bac56fbc48f3ad577b177bd2e2f0bcee52c
2025/306,2025,BGR,10.5089/9798229031165.002,b65242d477a5d0908ee881bfc189ba07821dbcccc00440c3f5962af71d7c7ac6
2025/315,2025,ABW,10.5089/9798229032520.002,73b6b388897345b0c87ef81d9e1e7e067d90d65491d50ef3b0f9d4b4292f4438
2025/327,2025,ARE,10.5089/9798229030823.002,b12ce574da1ed96cb49007ac7023b0f7bb999bf9437ac9e5b0e5d7662faf4ee9
2025/329,2025,HRV,10.5089/9798229033480.002,eeb2c596cbd0b6e785a973f6e28f83f9984e97059c24dce29866903b00bb8f74
2025/333,2025,PHL,10.5089/9798229031493.002,e65a1158a09333e7dd7c43dfdadc8a3bfc7f279a66545d302993ff56086145d4
